year,high_yield,bid_to_cover_ratio,primary_dealer_pct,direct_bidder_pct,indirect_bidder_pct
2016,2.605,2.292,29.212,9.384,61.404
2017,2.914,2.311,30.002,7.083,62.914
2018,3.12,2.358,27.296,10.011,62.693
2019,2.638,2.251,25.346,15.855,58.799
2020,1.581,2.358,21.439,14.171,64.39
2021,2.064,2.298,18.552,18.424,63.024
2022,3.087,2.364,13.115,18.142,68.743
2023,4.071,2.391,13.405,18.256,68.338
2024,4.408,2.419,14.757,17.743,67.5
2025,4.776,2.371,13.174,23.471,63.355
2026,4.997,2.443,9.887,21.791,68.322
