year,auctions,total_issue,soma,investment_funds,market_issue,investment_funds_pct_total_issue,investment_funds_pct_ex_soma,asset_mgr_net_pct_oi_avg_ultra_ust_bond,asset_mgr_net_pct_oi_avg_ust_bond,leveraged_funds_net_pct_oi_avg_ultra_ust_bond,leveraged_funds_net_pct_oi_avg_ust_bond
2016,12,167.246146,10.2563383,89.2492251,156.9898077,53.363995066289895,56.850330863867924,36.56500392749233,10.322124488587008,-32.66032275371159,-1.7099680406002111
2017,12,170.0552294,14.0623082,90.608317,155.9929212,53.28169990401954,58.08489020077406,48.73353532818913,16.615328805191027,-35.188772696699694,-4.999401483612702
2018,12,195.8968679,13.8999177,106.4031912,181.9969502,54.315922628388286,58.464271562282484,47.29410082505291,12.929647038394492,-37.61981309892733,-1.3817980281895013
2019,12,236.5701319,32.5817151,125.9974063,203.9884168,53.260065118135905,61.76694161195137,55.193629783278645,14.866928769893375,-50.94157414264156,-8.768343258967393
2020,12,299.0831157,48.0830164,153.454971,251.0000993,51.30847010231277,61.13741445838544,40.379946839065866,32.45246636892831,-37.83600121392511,-26.460347987737027
2021,12,367.9723603,71.973037,187.2296304,295.9993233,50.881438553524966,63.253398120184144,31.73812889702924,27.021798722322067,-30.347655878472136,-19.630198254992894
2022,12,306.119548,65.1569111,168.4756177,240.9626369,55.035889998112765,69.91773491004655,40.97894403988004,26.276615759269664,-45.16284412114661,-18.52019611068023
2023,12,264.0941084,24.1400233,167.5875096,239.9540851,63.45749650203103,69.8414905210547,41.62122749197488,32.89005249408777,-41.57103571717168,-26.86473363019125
2024,12,296.1236962,21.1398306,195.5802355,274.9838656,66.04680341687562,71.12425853540695,42.39344229420593,29.101585018783595,-37.48008963125693,-26.58268757055397
2025,12,316.2981738,40.357110999999996,196.6677233,275.9410628,62.17795093067971,71.27164087301617,37.83916555037426,28.516368735331977,-29.410660343659178,-23.38544835155917
2026,7,185.6166642,25.6184281,116.5256689,159.9982361,62.777590256898925,72.82934596052087,45.67262503115821,26.137678721977743,-35.236947106388264,-16.714738537957917
