issue_date,market,investment_funds_pct_ex_soma,pre_report_date,post_report_date,d_asset_mgr_net_pct_oi,d_leveraged_funds_net_pct_oi
2016-01-15,ULTRA UST BOND,55.83107979584255,2016-01-12,2016-01-19,-0.10631977660526815,-1.0536565993559108
2016-02-16,ULTRA UST BOND,58.82769251896243,2016-02-16,2016-02-23,-2.991706444721771,2.3809863669150317
2016-03-15,ULTRA UST BOND,57.09073,2016-03-15,2016-03-22,-0.20214699126810842,-0.21363463289249296
2016-04-15,ULTRA UST BOND,60.877432188784816,2016-04-12,2016-04-19,-0.06714129619876275,-0.05453523392006332
2016-05-16,ULTRA UST BOND,54.43607220450504,2016-05-10,2016-05-17,-1.5739007516790693,1.6237944513244003
2016-06-15,ULTRA UST BOND,57.525914017389844,2016-06-14,2016-06-21,-0.6590021774610477,-1.2166200249624062
2016-07-15,ULTRA UST BOND,59.4666211567246,2016-07-12,2016-07-19,1.5942159866233574,0.667998205767617
2016-08-15,ULTRA UST BOND,58.68750268208303,2016-08-09,2016-08-16,-0.6485629532231378,0.8256572756566349
2016-09-15,ULTRA UST BOND,53.32809206280597,2016-09-13,2016-09-20,-0.22125598997748597,-0.6865501005454817
2016-10-17,ULTRA UST BOND,52.38559133722238,2016-10-11,2016-10-18,-2.837603115842505,1.9388438434069677
2016-11-15,ULTRA UST BOND,52.90024529002453,2016-11-15,2016-11-22,-2.312109473374271,3.3576827094417325
2016-12-15,ULTRA UST BOND,61.57194940345982,2016-12-13,2016-12-20,0.5075647312932787,-1.841084660012939
2017-01-17,ULTRA UST BOND,60.21528012540464,2017-01-17,2017-01-24,-0.4023799249287663,0.496011675574735
2017-02-15,ULTRA UST BOND,61.58944913024464,2017-02-14,2017-02-21,-2.328951085320675,0.9065505481066403
2017-03-15,ULTRA UST BOND,55.040049348018094,2017-03-14,2017-03-21,0.24019999168274353,1.0954174085399515
2017-04-17,ULTRA UST BOND,58.03243139585492,2017-04-11,2017-04-18,0.7076986375442047,0.5546864111513017
2017-05-15,ULTRA UST BOND,50.82678776182908,2017-05-09,2017-05-16,1.257411532502502,-2.314033155899544
2017-06-15,ULTRA UST BOND,60.707093833276524,2017-06-13,2017-06-20,0.9619075317984027,1.5943592809006262
2017-07-17,ULTRA UST BOND,58.899359730618926,2017-07-11,2017-07-18,1.3742697083237871,-1.3851146680932018
2017-08-15,ULTRA UST BOND,61.60525031526171,2017-08-15,2017-08-22,-1.0528350211200603,-0.9772885533586546
2017-09-15,ULTRA UST BOND,57.95480273927024,2017-09-12,2017-09-19,1.8289806963303477,-0.9825877807871777
2017-10-16,ULTRA UST BOND,57.619975360821456,2017-10-10,2017-10-17,-0.36004783713568145,0.9089277163096554
2017-11-15,ULTRA UST BOND,58.80136191482371,2017-11-14,2017-11-21,-1.163231934976487,-0.28203049712318773
2017-12-15,ULTRA UST BOND,55.60289478930558,2017-12-12,2017-12-19,0.5769650492127809,0.45789529355754155
2018-01-16,ULTRA UST BOND,66.31908589851881,2018-01-16,2018-01-23,-0.8991335008043606,0.1308501561076909
2018-02-15,ULTRA UST BOND,52.75987060643849,2018-02-13,2018-02-20,-2.4172961836990083,2.77982050102559
2018-03-15,ULTRA UST BOND,51.94180848771438,2018-03-13,2018-03-20,2.5244882994299758,-2.6168166812229927
2018-04-16,ULTRA UST BOND,60.39011470080789,2018-04-10,2018-04-17,-0.7349517507604233,0.15247163713287648
2018-05-15,ULTRA UST BOND,62.1002395813546,2018-05-15,2018-05-22,-0.00203988339708161,0.14584734322031068
2018-06-15,ULTRA UST BOND,60.639189648570465,2018-06-12,2018-06-19,1.723766404511828,-2.7217863052865034
2018-07-16,ULTRA UST BOND,61.31295205408566,2018-07-10,2018-07-17,0.6903000277248097,-1.0679802359725272
2018-08-15,ULTRA UST BOND,58.10271296411375,2018-08-14,2018-08-21,-0.9367645992536566,1.3090374183725757
2018-09-17,ULTRA UST BOND,59.639874459673386,2018-09-11,2018-09-18,1.8543027002605896,-0.9932124134891822
2018-10-15,ULTRA UST BOND,61.351065525323904,2018-10-09,2018-10-16,0.12051845778617576,0.05374145905737748
2018-11-15,ULTRA UST BOND,48.589205189414535,2018-11-13,2018-11-20,-0.5662161369917058,0.8732973934687749
2018-12-17,ULTRA UST BOND,62.07704549957815,2018-12-11,2018-12-18,2.215622941456715,-2.0747542566465427
2019-01-15,ULTRA UST BOND,66.76928237579276,2019-01-15,2019-01-22,0.6127889481681166,-2.45923987804003
2019-02-15,ULTRA UST BOND,61.31890149005209,2019-02-12,2019-02-19,-1.7552254297283056,0.642183837472885
2019-03-15,ULTRA UST BOND,61.06516406093799,2019-03-12,2019-03-19,1.0380549309342868,-0.48974155276351894
2019-04-15,ULTRA UST BOND,64.395262019134,2019-04-09,2019-04-16,0.31609373748544556,0.32240043413221287
2019-05-15,ULTRA UST BOND,65.10385995064821,2019-05-14,2019-05-21,-0.9712674713814522,0.30719896380009004
2019-06-17,ULTRA UST BOND,68.24795557329122,2019-06-11,2019-06-18,-0.09294739641503469,-0.8225718250661558
2019-07-15,ULTRA UST BOND,56.053056264518624,2019-07-09,2019-07-16,1.0668305337608075,0.8176656862981204
2019-08-15,ULTRA UST BOND,59.29460394758833,2019-08-13,2019-08-20,-3.519445541051404,0.4853223185679312
2019-09-16,ULTRA UST BOND,59.400090587763366,2019-09-10,2019-09-17,-0.8192785757907473,-0.28924914778870203
2019-10-15,ULTRA UST BOND,60.77376883598556,2019-10-15,2019-10-22,-0.30631136949907045,0.4315731776740179
2019-11-15,ULTRA UST BOND,55.060482825290805,2019-11-12,2019-11-19,-0.04290964801406716,0.637270399849605
2019-12-16,ULTRA UST BOND,64.90067551411109,2019-12-10,2019-12-17,-1.496158263632104,0.8315943683020848
2020-01-15,ULTRA UST BOND,65.16915660012053,2020-01-14,2020-01-21,-0.03471394640522618,-0.19304289966143529
2020-02-18,ULTRA UST BOND,53.84360995431927,2020-02-18,2020-02-25,-0.10461444629175531,3.757120993341154
2020-03-16,ULTRA UST BOND,69.63576962044714,2020-03-10,2020-03-17,1.0005708064663494,3.2928263106000912
2020-04-15,ULTRA UST BOND,64.3964927535601,2020-04-14,2020-04-21,0.1938644922809658,-1.7846024915833425
2020-05-15,ULTRA UST BOND,54.97110502230137,2020-05-12,2020-05-19,-0.8769372105124518,1.150182321650263
2020-06-15,ULTRA UST BOND,62.511630189472136,2020-06-09,2020-06-16,0.12092090561724689,-0.6291354374486602
2020-07-15,ULTRA UST BOND,54.76856227579622,2020-07-14,2020-07-21,-0.11695997053332263,0.2288811841522289
2020-08-17,ULTRA UST BOND,56.94296719052321,2020-08-11,2020-08-18,-0.27259291019775844,0.9965141418526713
2020-09-15,ULTRA UST BOND,59.095206242667835,2020-09-15,2020-09-22,-1.7065921155941481,-0.45016947021797193
2020-10-15,ULTRA UST BOND,60.50587014971926,2020-10-13,2020-10-20,-0.982021541161096,0.5453913694219565
2020-11-16,ULTRA UST BOND,62.59693096689784,2020-11-10,2020-11-17,-0.4914314310055019,0.4145804886231872
2020-12-15,ULTRA UST BOND,71.3206910519104,2020-12-15,2020-12-21,1.2867497081066688,-1.432502283307059
2021-01-15,ULTRA UST BOND,61.65358412598119,2021-01-12,2021-01-19,-0.30010964407472684,0.9914348447733232
2021-02-16,ULTRA UST BOND,59.94891464860042,2021-02-16,2021-02-23,-2.818209177785942,1.876788035042221
2021-03-15,ULTRA UST BOND,66.27966197185728,2021-03-09,2021-03-16,0.2466041784064963,-1.6100409200219055
2021-04-15,ULTRA UST BOND,68.5790402632483,2021-04-13,2021-04-20,0.5357046524686595,-0.10753592837241754
2021-05-17,ULTRA UST BOND,62.539362715007464,2021-05-11,2021-05-18,0.6235455717276004,-0.6963317902765205
2021-06-15,ULTRA UST BOND,68.16840634508814,2021-06-15,2021-06-22,-0.09814881404207654,-0.5545361866470486
2021-07-15,ULTRA UST BOND,62.24666076747919,2021-07-13,2021-07-20,0.7731041152120142,0.1784478717539919
2021-08-16,ULTRA UST BOND,62.51036712909209,2021-08-10,2021-08-17,1.285192712383477,-0.16835105040303588
2021-09-15,ULTRA UST BOND,71.75281204971768,2021-09-14,2021-09-21,1.6087702601925926,-0.8807874196743128
2021-10-15,ULTRA UST BOND,57.2106376065394,2021-10-12,2021-10-19,-0.792203050135889,0.1957722819405916
2021-11-15,ULTRA UST BOND,56.795852072160926,2021-11-09,2021-11-16,-0.6315411587453461,-0.9703821962200934
2021-12-15,ULTRA UST BOND,62.12559459024298,2021-12-14,2021-12-21,0.03886377718831824,0.29590173759060434
2022-01-18,ULTRA UST BOND,67.63796563235152,2022-01-18,2022-01-25,0.5681052682233982,-0.5517004745534635
2022-02-15,ULTRA UST BOND,65.27787597823783,2022-02-15,2022-02-22,-1.3771241491256063,0.5977207640238831
2022-03-15,ULTRA UST BOND,72.8262459836694,2022-03-15,2022-03-22,0.8029867052515129,-1.0106130226238506
2022-04-18,ULTRA UST BOND,66.17343853474819,2022-04-12,2022-04-19,-0.12259874917850766,0.37766396882216924
2022-05-16,ULTRA UST BOND,71.80862076108274,2022-05-10,2022-05-17,-0.7669877421192268,0.38069336494380224
2022-06-15,ULTRA UST BOND,71.93495209824249,2022-06-14,2022-06-21,1.093835401468347,-1.6027728147586444
2022-07-15,ULTRA UST BOND,77.16317907650323,2022-07-12,2022-07-19,0.6744247180069607,-1.0874571767329968
2022-08-15,ULTRA UST BOND,69.19016634498078,2022-08-09,2022-08-16,0.2085180743549202,-0.8141823056034099
2022-09-15,ULTRA UST BOND,73.08724980910712,2022-09-13,2022-09-20,1.170692571922281,-1.5716746124740482
2022-10-17,ULTRA UST BOND,73.36954836956559,2022-10-11,2022-10-18,0.8660317195990359,-0.4523288834014707
2022-11-15,ULTRA UST BOND,71.15213443729154,2022-11-15,2022-11-22,-1.957639937147377,0.8952332486019188
2022-12-15,ULTRA UST BOND,60.25601923261495,2022-12-13,2022-12-20,0.9726871685824463,0.03541252242943216
2023-01-17,ULTRA UST BOND,72.7630035617259,2023-01-17,2023-01-24,-1.159703823779921,0.2981221029238128
2023-02-15,ULTRA UST BOND,65.36248334703413,2023-02-14,2023-02-21,-0.8950923711004748,1.5617890182707725
2023-03-15,ULTRA UST BOND,68.64855243177495,2023-03-14,2023-03-21,1.353321123587861,-1.2664962120230427
2023-04-17,ULTRA UST BOND,75.26279455422791,2023-04-11,2023-04-18,-1.3162770062229754,0.6340180909305957
2023-05-15,ULTRA UST BOND,71.89824246268564,2023-05-09,2023-05-16,-1.541940255949406,-0.11392302860362236
2023-06-15,ULTRA UST BOND,78.88957647042693,2023-06-13,2023-06-20,0.35017971913752177,-0.7976125454552445
2023-07-17,ULTRA UST BOND,77.67077643026401,2023-07-11,2023-07-18,0.7754537289944139,-1.1374677808255527
2023-08-15,ULTRA UST BOND,69.56013529863863,2023-08-15,2023-08-22,-0.05213627733002113,0.21038812823879027
2023-09-15,ULTRA UST BOND,66.84473981897484,2023-09-12,2023-09-19,-0.4335577832985109,-1.0473797176129196
2023-10-16,ULTRA UST BOND,68.98290461450395,2023-10-10,2023-10-17,-0.2870864837948375,-0.29398287401811274
2023-11-15,ULTRA UST BOND,57.49858860589387,2023-11-14,2023-11-21,-1.1348410146283001,1.143106804397398
2023-12-15,ULTRA UST BOND,69.75839176538946,2023-12-12,2023-12-19,0.5211091343199072,-0.4965000713773904
2024-01-16,ULTRA UST BOND,76.04336461816901,2024-01-16,2024-01-23,0.19035132181939218,-0.8586148583637794
2024-02-15,ULTRA UST BOND,65.19208468688724,2024-02-13,2024-02-20,-0.283503213104062,1.2282954297867832
2024-03-15,ULTRA UST BOND,72.83196014745158,2024-03-12,2024-03-19,-0.5793852345118466,0.08939923828561547
2024-04-15,ULTRA UST BOND,70.30945262881053,2024-04-09,2024-04-16,4.3220963247297846,-3.420836142917544
2024-05-15,ULTRA UST BOND,72.73652145066568,2024-05-14,2024-05-21,-1.8039940613198766,-0.004544353382541999
2024-06-17,ULTRA UST BOND,73.40574749597776,2024-06-11,2024-06-18,1.7141286365839932,-2.2424582016483825
2024-07-15,ULTRA UST BOND,74.48852016855635,2024-07-09,2024-07-16,0.20191549455635993,-0.2761511387040727
2024-08-15,ULTRA UST BOND,64.88459117305729,2024-08-13,2024-08-20,-1.5427816342409884,1.204964188064757
2024-09-16,ULTRA UST BOND,64.58230956030815,2024-09-10,2024-09-17,-0.8662574008108237,-0.02141024984196349
2024-10-15,ULTRA UST BOND,73.51485159765981,2024-10-15,2024-10-22,0.04806452409181361,0.49713320905557623
2024-11-15,ULTRA UST BOND,76.61985667226737,2024-11-12,2024-11-19,-1.7842478612458166,1.9229652486129183
2024-12-16,ULTRA UST BOND,69.79706877944108,2024-12-10,2024-12-17,-0.7557473311947192,0.5837105103048721
2025-01-15,ULTRA UST BOND,72.29667072206423,2025-01-14,2025-01-21,0.355827521707738,-0.028726566216072058
2025-02-18,ULTRA UST BOND,68.78818782769831,2025-02-18,2025-02-25,-3.256769236043503,4.43348077585377
2025-03-17,ULTRA UST BOND,70.19499672426181,2025-03-11,2025-03-18,0.5991432996340151,0.26365986630761995
2025-04-15,ULTRA UST BOND,73.63738801340925,2025-04-15,2025-04-22,1.304730816398525,-0.07747231906296292
2025-05-15,ULTRA UST BOND,71.11093907986654,2025-05-13,2025-05-20,-0.7772146439180929,-0.24914799092525186
2025-06-16,ULTRA UST BOND,74.06848535223979,2025-06-10,2025-06-17,0.17731605173146647,0.6224772792875122
2025-07-15,ULTRA UST BOND,75.2581935588105,2025-07-15,2025-07-22,-0.8459753965655707,0.28926027856024916
2025-08-15,ULTRA UST BOND,67.13834561192753,2025-08-12,2025-08-19,2.9540547661487793,-1.8256043935565316
2025-09-15,ULTRA UST BOND,73.14983162295674,2025-09-09,2025-09-16,1.2915162503025925,-1.0025454405345648
2025-10-15,ULTRA UST BOND,75.35694799736802,2025-10-14,2025-10-21,1.9700304305126792,-0.5139667811069266
2025-11-17,ULTRA UST BOND,66.95732791821301,2025-11-10,2025-11-18,-1.5300832831454656,1.4018513453058041
2025-12-15,ULTRA UST BOND,68.81323581589469,2025-12-09,2025-12-16,0.9727691441873176,-0.24853749666045388
2026-01-15,ULTRA UST BOND,66.39218126302973,2026-01-13,2026-01-20,1.5748051585717562,-1.4363534435944167
2026-02-17,ULTRA UST BOND,73.48150509102464,2026-02-17,2026-02-24,-4.642650227140173,3.6292342218836815
2026-03-16,ULTRA UST BOND,77.09970919086565,2026-03-10,2026-03-17,1.4026954807247236,-0.5864828456036761
2026-04-15,ULTRA UST BOND,74.61442127742795,2026-04-14,2026-04-21,-0.3350703389958696,0.0970255723768716
2026-05-15,ULTRA UST BOND,73.3615155670205,2026-05-12,2026-05-19,-6.053913019840621,2.124157454238528
2026-06-15,ULTRA UST BOND,71.4672577521147,2026-06-09,2026-06-16,-0.4417203174935267,1.0074410476354458
2026-07-15,ULTRA UST BOND,73.2274013363826,2026-07-14,2026-07-21,0.44384580303439947,0.2972614517135881
2016-01-15,UST BOND,55.83107979584255,2016-01-12,2016-01-19,-1.4787292495492181,-2.870747627678666
2016-02-16,UST BOND,58.82769251896243,2016-02-16,2016-02-23,-10.735209964441088,3.9163973380655492
2016-03-15,UST BOND,57.09073,2016-03-15,2016-03-22,-0.7082027724983195,1.5305668033243442
2016-04-15,UST BOND,60.877432188784816,2016-04-12,2016-04-19,-0.6083656903005545,-1.1101405960533515
2016-05-16,UST BOND,54.43607220450504,2016-05-10,2016-05-17,1.3778444747738763,-0.4707842552960666
2016-06-15,UST BOND,57.525914017389844,2016-06-14,2016-06-21,1.0817130852309464,2.824745269177041
2016-07-15,UST BOND,59.4666211567246,2016-07-12,2016-07-19,-1.167408029535304,-1.2516817773326308
2016-08-15,UST BOND,58.68750268208303,2016-08-09,2016-08-16,0.013231252477330813,-1.594558553255962
2016-09-15,UST BOND,53.32809206280597,2016-09-13,2016-09-20,-1.212928679233578,-1.921016058934409
2016-10-17,UST BOND,52.38559133722238,2016-10-11,2016-10-18,3.327090760487687,-3.8484505630973116
2016-11-15,UST BOND,52.90024529002453,2016-11-15,2016-11-22,0.7238794134260758,0.6275507183729507
2016-12-15,UST BOND,61.57194940345982,2016-12-13,2016-12-20,-1.6278343481019526,0.7100041003795852
2017-01-17,UST BOND,60.21528012540464,2017-01-17,2017-01-24,-1.3660090271388228,2.489911089725954
2017-02-15,UST BOND,61.58944913024464,2017-02-14,2017-02-21,-5.4893577865442715,2.5193974597861235
2017-03-15,UST BOND,55.040049348018094,2017-03-14,2017-03-21,0.827997986582961,0.24113358870332036
2017-04-17,UST BOND,58.03243139585492,2017-04-11,2017-04-18,0.8346779758178116,-0.8651328299700793
2017-05-15,UST BOND,50.82678776182908,2017-05-09,2017-05-16,2.3319581810478525,-2.5487434180642
2017-06-15,UST BOND,60.707093833276524,2017-06-13,2017-06-20,1.010357883965316,-2.485536099015171
2017-07-17,UST BOND,58.899359730618926,2017-07-11,2017-07-18,0.45715202155869505,0.3423797871358758
2017-08-15,UST BOND,61.60525031526171,2017-08-15,2017-08-22,0.21946111006392677,-1.191863019741223
2017-09-15,UST BOND,57.95480273927024,2017-09-12,2017-09-19,-2.684967191438318,0.3364512577397832
2017-10-16,UST BOND,57.619975360821456,2017-10-10,2017-10-17,2.0643831079663535,0.4248667199799318
2017-11-15,UST BOND,58.80136191482371,2017-11-14,2017-11-21,-3.581738246835555,1.0100626134395605
2017-12-15,UST BOND,55.60289478930558,2017-12-12,2017-12-19,-0.4067220186951275,-0.3836231630942768
2018-01-16,UST BOND,66.31908589851881,2018-01-16,2018-01-23,1.9792682593065871,-1.7850645374271978
2018-02-15,UST BOND,52.75987060643849,2018-02-13,2018-02-20,-2.156806050499082,1.3586135963026043
2018-03-15,UST BOND,51.94180848771438,2018-03-13,2018-03-20,0.9760099536960851,-4.26928894492551
2018-04-16,UST BOND,60.39011470080789,2018-04-10,2018-04-17,-4.000658289801388,3.3952789951420126
2018-05-15,UST BOND,62.1002395813546,2018-05-15,2018-05-22,2.535368529189685,0.5509652294082689
2018-06-15,UST BOND,60.639189648570465,2018-06-12,2018-06-19,0.40206115059838865,0.5417581275613175
2018-07-16,UST BOND,61.31295205408566,2018-07-10,2018-07-17,0.9919167770725803,0.9665285997758546
2018-08-15,UST BOND,58.10271296411375,2018-08-14,2018-08-21,-0.8287114285936301,0.06413213329016318
2018-09-17,UST BOND,59.639874459673386,2018-09-11,2018-09-18,-1.901479645517405,4.396003817418366
2018-10-15,UST BOND,61.351065525323904,2018-10-09,2018-10-16,-0.5311441469223599,3.7084104941381324
2018-11-15,UST BOND,48.589205189414535,2018-11-13,2018-11-20,1.1757980424202472,-1.4387142309104104
2018-12-17,UST BOND,62.07704549957815,2018-12-11,2018-12-18,-1.8337221805318897,0.3482272489628855
2019-01-15,UST BOND,66.76928237579276,2019-01-15,2019-01-22,-0.36883916395502503,0.9747887681542218
2019-02-15,UST BOND,61.31890149005209,2019-02-12,2019-02-19,-1.5191742344013033,1.4838376620360194
2019-03-15,UST BOND,61.06516406093799,2019-03-12,2019-03-19,1.192028800929883,-1.488379917299671
2019-04-15,UST BOND,64.395262019134,2019-04-09,2019-04-16,-0.7622885688351531,2.3037939238566514
2019-05-15,UST BOND,65.10385995064821,2019-05-14,2019-05-21,-0.6683391178401674,-0.1773534864010915
2019-06-17,UST BOND,68.24795557329122,2019-06-11,2019-06-18,0.9821140861904851,-2.768345346042425
2019-07-15,UST BOND,56.053056264518624,2019-07-09,2019-07-16,4.311055769546719,-2.486029223897112
2019-08-15,UST BOND,59.29460394758833,2019-08-13,2019-08-20,1.5238480227314568,0.07433180015093477
2019-09-16,UST BOND,59.400090587763366,2019-09-10,2019-09-17,3.3626023942811223,0.06888877852109943
2019-10-15,UST BOND,60.77376883598556,2019-10-15,2019-10-22,0.28719708951527423,0.30276249588943216
2019-11-15,UST BOND,55.060482825290805,2019-11-12,2019-11-19,-1.0525803242253922,-0.4436830008258088
2019-12-16,UST BOND,64.90067551411109,2019-12-10,2019-12-17,0.843381810351314,0.8178719651724542
2020-01-15,UST BOND,65.16915660012053,2020-01-14,2020-01-21,0.26227045296021956,0.26070464160851436
2020-02-18,UST BOND,53.84360995431927,2020-02-18,2020-02-25,-1.1487703558054498,2.7378450653471003
2020-03-16,UST BOND,69.63576962044714,2020-03-10,2020-03-17,1.3464283078718857,-2.412634667516219
2020-04-15,UST BOND,64.3964927535601,2020-04-14,2020-04-21,-0.7189826306648044,0.9245927148252804
2020-05-15,UST BOND,54.97110502230137,2020-05-12,2020-05-19,-2.07106896440175,0.8455162496866855
2020-06-15,UST BOND,62.511630189472136,2020-06-09,2020-06-16,-1.8569806795925352,0.27034272666493564
2020-07-15,UST BOND,54.76856227579622,2020-07-14,2020-07-21,-0.9543426528567309,0.988886472385083
2020-08-17,UST BOND,56.94296719052321,2020-08-11,2020-08-18,0.7271771932554252,0.5387650586490231
2020-09-15,UST BOND,59.095206242667835,2020-09-15,2020-09-22,0.17283865686290056,-0.3272939016693108
2020-10-15,UST BOND,60.50587014971926,2020-10-13,2020-10-20,0.3587408287676155,-0.9495271737472137
2020-11-16,UST BOND,62.59693096689784,2020-11-10,2020-11-17,-0.8768549918205437,0.7789478481775873
2020-12-15,UST BOND,71.3206910519104,2020-12-15,2020-12-21,-1.0627287173293496,3.368083124049285
2021-01-15,UST BOND,61.65358412598119,2021-01-12,2021-01-19,-0.2998791344084495,-0.5387594628274854
2021-02-16,UST BOND,59.94891464860042,2021-02-16,2021-02-23,-4.738247292716437,3.90221942099609
2021-03-15,UST BOND,66.27966197185728,2021-03-09,2021-03-16,-1.5310444147316495,2.8628941240509764
2021-04-15,UST BOND,68.5790402632483,2021-04-13,2021-04-20,-1.5236856236218195,1.353007250586053
2021-05-17,UST BOND,62.539362715007464,2021-05-11,2021-05-18,-3.593446206613784,2.988736434055406
2021-06-15,UST BOND,68.16840634508814,2021-06-15,2021-06-22,-2.6984995532967453,-0.8318078211961115
2021-07-15,UST BOND,62.24666076747919,2021-07-13,2021-07-20,0.7360405557680885,-0.3500940855049315
2021-08-16,UST BOND,62.51036712909209,2021-08-10,2021-08-17,0.843033204574219,1.865901973378623
2021-09-15,UST BOND,71.75281204971768,2021-09-14,2021-09-21,2.4154874078977144,-1.402974873296774
2021-10-15,UST BOND,57.2106376065394,2021-10-12,2021-10-19,1.8645633721566313,-0.5773875041912451
2021-11-15,UST BOND,56.795852072160926,2021-11-09,2021-11-16,-0.6410028862523198,-0.4342360176964384
2021-12-15,UST BOND,62.12559459024298,2021-12-14,2021-12-21,0.8222226901615706,0.0029973072836071424
2022-01-18,UST BOND,67.63796563235152,2022-01-18,2022-01-25,2.9187579622436317,-1.2656484871951044
2022-02-15,UST BOND,65.27787597823783,2022-02-15,2022-02-22,1.2916760461722916,0.032027473750328994
2022-03-15,UST BOND,72.8262459836694,2022-03-15,2022-03-22,-1.23462007757621,2.127523449185613
2022-04-18,UST BOND,66.17343853474819,2022-04-12,2022-04-19,-0.6310598049233285,0.8064870375701325
2022-05-16,UST BOND,71.80862076108274,2022-05-10,2022-05-17,0.7931795268129918,-0.18674703182500352
2022-06-15,UST BOND,71.93495209824249,2022-06-14,2022-06-21,0.5750036125463858,0.9063946808842864
2022-07-15,UST BOND,77.16317907650323,2022-07-12,2022-07-19,0.7723342280024639,-1.0844201807035567
2022-08-15,UST BOND,69.19016634498078,2022-08-09,2022-08-16,-0.9914488120305087,0.6779345397922576
2022-09-15,UST BOND,73.08724980910712,2022-09-13,2022-09-20,-1.2239215713483702,1.4475232623514955
2022-10-17,UST BOND,73.36954836956559,2022-10-11,2022-10-18,-0.0868047817455917,-1.0494350430640438
2022-11-15,UST BOND,71.15213443729154,2022-11-15,2022-11-22,0.00640959759739701,0.2742497928448415
2022-12-15,UST BOND,60.25601923261495,2022-12-13,2022-12-20,1.59303258396897,-2.6246028973672537
2023-01-17,UST BOND,72.7630035617259,2023-01-17,2023-01-24,-0.45034670388429987,-0.8792370995665983
2023-02-15,UST BOND,65.36248334703413,2023-02-14,2023-02-21,-4.417103096603082,4.103636108593623
2023-03-15,UST BOND,68.64855243177495,2023-03-14,2023-03-21,-0.9632222854632388,1.4843878986708887
2023-04-17,UST BOND,75.26279455422791,2023-04-11,2023-04-18,0.02586470352785497,0.04438595054266159
2023-05-15,UST BOND,71.89824246268564,2023-05-09,2023-05-16,-0.06751648090162377,1.6132537725695606
2023-06-15,UST BOND,78.88957647042693,2023-06-13,2023-06-20,0.5866628843499875,0.3611075801630186
2023-07-17,UST BOND,77.67077643026401,2023-07-11,2023-07-18,1.811988311801187,-0.9333978418165927
2023-08-15,UST BOND,69.56013529863863,2023-08-15,2023-08-22,-0.34470360454128723,0.8353570585868795
2023-09-15,UST BOND,66.84473981897484,2023-09-12,2023-09-19,1.2998050620523927,-0.16640180210823985
2023-10-16,UST BOND,68.98290461450395,2023-10-10,2023-10-17,-2.2743868058376293,1.7918568764930605
2023-11-15,UST BOND,57.49858860589387,2023-11-14,2023-11-21,-1.0513080958890733,1.9223348538179188
2023-12-15,UST BOND,69.75839176538946,2023-12-12,2023-12-19,0.7323973080393174,-0.1561017687474795
2024-01-16,UST BOND,76.04336461816901,2024-01-16,2024-01-23,0.039875654981536,0.9590460657157358
2024-02-15,UST BOND,65.19208468688724,2024-02-13,2024-02-20,-0.6560506666456654,0.6063031895815811
2024-03-15,UST BOND,72.83196014745158,2024-03-12,2024-03-19,-1.648977392288863,1.40823020165222
2024-04-15,UST BOND,70.30945262881053,2024-04-09,2024-04-16,-3.37634374729614,3.798676225367114
2024-05-15,UST BOND,72.73652145066568,2024-05-14,2024-05-21,0.17100400576212138,-0.26523911603873884
2024-06-17,UST BOND,73.40574749597776,2024-06-11,2024-06-18,0.5450516097635365,0.9933696597357056
2024-07-15,UST BOND,74.48852016855635,2024-07-09,2024-07-16,0.8176202735681422,-2.452581722877664
2024-08-15,UST BOND,64.88459117305729,2024-08-13,2024-08-20,-0.8335065192819009,-0.7176650431154101
2024-09-16,UST BOND,64.58230956030815,2024-09-10,2024-09-17,0.11932825063872698,-2.4603896439675452
2024-10-15,UST BOND,73.51485159765981,2024-10-15,2024-10-22,0.036837798865899885,-0.722459632214278
2024-11-15,UST BOND,76.61985667226737,2024-11-12,2024-11-19,-1.9883599232743414,0.6724031002673705
2024-12-16,UST BOND,69.79706877944108,2024-12-10,2024-12-17,1.6571560971954575,-0.15477200332840013
2025-01-15,UST BOND,72.29667072206423,2025-01-14,2025-01-21,-1.2554002288938335,1.2626858760714406
2025-02-18,UST BOND,68.78818782769831,2025-02-18,2025-02-25,-1.3908655009682889,0.02230137441847191
2025-03-17,UST BOND,70.19499672426181,2025-03-11,2025-03-18,-1.74233696580443,2.6144385077449073
2025-04-15,UST BOND,73.63738801340925,2025-04-15,2025-04-22,1.9214438135185716,-0.32207253292048676
2025-05-15,UST BOND,71.11093907986654,2025-05-13,2025-05-20,-1.034598663837123,0.7114186506660367
2025-06-16,UST BOND,74.06848535223979,2025-06-10,2025-06-17,-0.16855215234285836,1.1793653441534815
2025-07-15,UST BOND,75.2581935588105,2025-07-15,2025-07-22,-2.1010645894087503,1.8444837794464135
2025-08-15,UST BOND,67.13834561192753,2025-08-12,2025-08-19,0.3894385216612726,0.33744543077309075
2025-09-15,UST BOND,73.14983162295674,2025-09-09,2025-09-16,-3.5406287085360084,0.5453181157969134
2025-10-15,UST BOND,75.35694799736802,2025-10-14,2025-10-21,-0.45565821441842047,-0.15027911734363641
2025-11-17,UST BOND,66.95732791821301,2025-11-10,2025-11-18,1.389800665286387,-2.2118220531477384
2025-12-15,UST BOND,68.81323581589469,2025-12-09,2025-12-16,1.5345463456905044,0.8059092445157781
2026-01-15,UST BOND,66.39218126302973,2026-01-13,2026-01-20,-2.1651912119193497,0.7970819575940169
2026-02-17,UST BOND,73.48150509102464,2026-02-17,2026-02-24,-3.4002503468823804,2.1057669465554056
2026-03-16,UST BOND,77.09970919086565,2026-03-10,2026-03-17,0.4911240233582781,0.9001621315962804
2026-04-15,UST BOND,74.61442127742795,2026-04-14,2026-04-21,1.5435656563366074,-0.42649897865208786
2026-05-15,UST BOND,73.3615155670205,2026-05-12,2026-05-19,1.2129176422364694,-1.2458432255668903
2026-06-15,UST BOND,71.4672577521147,2026-06-09,2026-06-16,2.7078988577017498,-0.9805056314989944
2026-07-15,UST BOND,73.2274013363826,2026-07-14,2026-07-21,1.0152702266246472,-1.402209886427773
