year,investment_funds_pct_ex_soma,asset_mgr_net_pct_oi_avg_ultra_ust_bond,asset_mgr_net_pct_oi_avg_ust_bond,leveraged_funds_net_pct_oi_avg_ultra_ust_bond,leveraged_funds_net_pct_oi_avg_ust_bond,d_investment_funds_pct_ex_soma,d_asset_mgr_net_pct_oi_avg_ultra_ust_bond,d_asset_mgr_net_pct_oi_avg_ust_bond,d_leveraged_funds_net_pct_oi_avg_ultra_ust_bond,d_leveraged_funds_net_pct_oi_avg_ust_bond
2016,56.850330863867924,36.56500392749233,10.322124488587008,-32.66032275371159,-1.7099680406002111,,,,,
2017,58.08489020077406,48.73353532818913,16.615328805191027,-35.188772696699694,-4.999401483612702,1.2345593369061376,12.1685314006968,6.293204316604019,-2.5284499429881038,-3.2894334430124905
2018,58.464271562282484,47.29410082505291,12.929647038394492,-37.61981309892733,-1.3817980281895013,0.37938136150842183,-1.4394345031362192,-3.6856817667965345,-2.4310404022276373,3.6176034554232004
2019,61.76694161195137,55.193629783278645,14.866928769893375,-50.94157414264156,-8.768343258967393,3.3026700496688832,7.899528958225737,1.9372817314988833,-13.321761043714226,-7.386545230777892
2020,61.13741445838544,40.379946839065866,32.45246636892831,-37.83600121392511,-26.460347987737027,-0.6295271535659239,-14.813682944212779,17.585537599034936,13.105572928716448,-17.692004728769632
2021,63.253398120184144,31.73812889702924,27.021798722322067,-30.347655878472136,-19.630198254992894,2.115983661798701,-8.641817942036624,-5.430667646606246,7.488345335452973,6.8301497327441325
2022,69.91773491004655,40.97894403988004,26.276615759269664,-45.16284412114661,-18.52019611068023,6.6643367898624035,9.2408151428508,-0.7451829630524038,-14.815188242674477,1.1100021443126629
2023,69.8414905210547,41.62122749197488,32.89005249408777,-41.57103571717168,-26.86473363019125,-0.07624438899185293,0.6422834520948371,6.613436734818105,3.5918084039749303,-8.344537519511018
2024,71.12425853540695,42.39344229420593,29.101585018783595,-37.48008963125693,-26.58268757055397,1.282768014352257,0.7722148022310549,-3.7884674753041736,4.0909460859147515,0.28204605963728113
2025,71.27164087301617,37.83916555037426,28.516368735331977,-29.410660343659178,-23.38544835155917,0.1473823376092156,-4.554276743831672,-0.5852162834516186,8.069429287597753,3.197239218994799
2026,72.82934596052087,45.67262503115821,26.137678721977743,-35.236947106388264,-16.714738537957917,1.5577050875047007,7.833459480783951,-2.378690013354234,-5.826286762729087,6.670709813601253
