year,investment_funds,market_issue,investment_funds_pct_ex_soma,date,mutual_funds_treasury,hf_domestic_treasury_net,hf_foreign_treasury_net,hf_domestic_government_long,hf_foreign_government_long,period_type,mutual_funds_treasury_index_2016_100,hf_domestic_treasury_net_index_2016_100,hf_foreign_treasury_net_index_2016_100,hf_domestic_government_long_index_2016_100,hf_foreign_government_long_index_2016_100
2016,89.2492251,156.9898077,56.850330863867924,2016-10-01,904100.0,118870.0,310137.0,147085.0,517762.0,year_end,100.0,100.0,100.0,100.0,100.0
2017,90.608317,155.9929212,58.08489020077406,2017-10-01,1090830.0,105262.0,276477.0,142209.0,525935.0,year_end,120.65368875124433,88.55219988222427,89.14673192814789,96.68491008600469,101.57852449581081
2018,106.4031912,181.9969502,58.464271562282484,2018-10-01,1146356.0,108640.0,616916.0,142453.0,872480.0,year_end,126.79526601039709,91.3939597880037,198.9172526980012,96.85080055750076,168.50985587972852
2019,125.9974063,203.9884168,61.76694161195137,2019-10-01,1287015.0,107149.0,843000.0,138747.0,1091408.0,year_end,142.3531688972459,90.13964835534618,271.8153590187562,94.33116905190876,210.79337610716894
2020,153.454971,251.0000993,61.13741445838544,2020-10-01,1315725.0,89012.0,667361.0,125362.0,831580.0,year_end,145.52870257714855,74.88180365104736,215.1826450891058,85.23098888397865,160.61047353803485
2021,187.2296304,295.9993233,63.253398120184144,2021-10-01,1593978.0,91353.0,426342.0,130591.0,836897.0,year_end,176.30549717951553,76.85118196348952,137.4689250234574,88.78607607845804,161.63739324245503
2022,168.4756177,240.9626369,69.91773491004655,2022-10-01,1342336.0,97994.0,582044.0,130827.0,885309.0,year_end,148.47207167348745,82.43795743248927,187.67318959040682,88.94652751810177,170.98763524553752
2023,167.5875096,239.9540851,69.8414905210547,2023-10-01,1389718.0,100793.0,1299916.0,142115.0,1546821.0,year_end,153.71286362128083,84.79263060486245,419.1425079884051,96.62100146173981,298.75135680100124
2024,195.5802355,274.9838656,71.12425853540695,2024-10-01,1516070.0,102233.0,1558706.0,137758.0,1841348.0,year_end,167.68830881539654,86.0040380247329,502.58627638753194,93.65876873916443,355.635987191026
2025,196.6677233,275.9410628,71.27164087301617,2025-10-01,1685159.0,102791.0,2070754.0,134633.0,2373555.0,year_end,186.39077535670833,86.4734583999327,667.6900853493779,91.5341469218479,458.42587907185157
2026,116.5256689,159.9982361,72.82934596052087,2026-04-01,1741237.0,123515.0,,,,latest_ytd,192.5934078088707,103.90763018423488,,,
