year,investment_funds,market_issue,investment_funds_pct_ex_soma,date,mutual_funds_treasury,hf_domestic_treasury_net,hf_foreign_treasury_net,hf_domestic_government_long,hf_foreign_government_long,period_type
2016,89.2492251,156.9898077,56.850330863867924,2016-10-01,904100.0,118870.0,310137.0,147085.0,517762.0,year_end
2017,90.608317,155.9929212,58.08489020077406,2017-10-01,1090830.0,105262.0,276477.0,142209.0,525935.0,year_end
2018,106.4031912,181.9969502,58.464271562282484,2018-10-01,1146356.0,108640.0,616916.0,142453.0,872480.0,year_end
2019,125.9974063,203.9884168,61.76694161195137,2019-10-01,1287015.0,107149.0,843000.0,138747.0,1091408.0,year_end
2020,153.454971,251.0000993,61.13741445838544,2020-10-01,1315725.0,89012.0,667361.0,125362.0,831580.0,year_end
2021,187.2296304,295.9993233,63.253398120184144,2021-10-01,1593978.0,91353.0,426342.0,130591.0,836897.0,year_end
2022,168.4756177,240.9626369,69.91773491004655,2022-10-01,1342336.0,97994.0,582044.0,130827.0,885309.0,year_end
2023,167.5875096,239.9540851,69.8414905210547,2023-10-01,1389718.0,100793.0,1299916.0,142115.0,1546821.0,year_end
2024,195.5802355,274.9838656,71.12425853540695,2024-10-01,1516070.0,102233.0,1558706.0,137758.0,1841348.0,year_end
2025,196.6677233,275.9410628,71.27164087301617,2025-10-01,1685159.0,102791.0,2070754.0,134633.0,2373555.0,year_end
2026,116.5256689,159.9982361,72.82934596052087,2026-04-01,1741237.0,123515.0,,,,latest_ytd
