year,market,weeks,asset_mgr_net_avg,leveraged_funds_net_avg,asset_mgr_net_pct_oi_avg,leveraged_funds_net_pct_oi_avg
2016,ULTRA UST BOND,52,228941.17307692306,-203754.71153846153,36.56500392749233,-32.66032275371159
2016,UST BOND,52,57843.153846153844,-10251.057692307691,10.322124488587008,-1.7099680406002113
2017,ULTRA UST BOND,52,388565.6153846154,-282698.5,48.73353532818913,-35.188772696699694
2017,UST BOND,52,114846.25,-32477.30769230769,16.615328805191027,-4.999401483612702
2018,ULTRA UST BOND,53,482229.6603773585,-383260.96226415096,47.29410082505291,-37.619813098927324
2018,UST BOND,53,113301.03773584905,-12184.188679245282,12.929647038394492,-1.3817980281895013
2019,ULTRA UST BOND,52,651022.7692307692,-601088.3269230769,55.193629783278645,-50.94157414264156
2019,UST BOND,52,146556.92307692306,-86850.23076923077,14.866928769893377,-8.768343258967393
2020,ULTRA UST BOND,52,438744.98076923075,-412989.28846153844,40.379946839065866,-37.83600121392511
2020,UST BOND,52,367139.67307692306,-299854.57692307694,32.45246636892831,-26.460347987737027
2021,ULTRA UST BOND,52,379333.07692307694,-364286.48076923075,31.73812889702924,-30.347655878472136
2021,UST BOND,52,324291.23076923075,-235638.3076923077,27.021798722322067,-19.630198254992898
2022,ULTRA UST BOND,52,551227.8269230769,-606736.2884615385,40.97894403988004,-45.16284412114661
2022,UST BOND,52,312583.75,-220462.65384615384,26.276615759269664,-18.52019611068023
2023,ULTRA UST BOND,52,628059.4230769231,-626934.9230769231,41.62122749197488,-41.57103571717168
2023,UST BOND,52,423572.0961538461,-345619.03846153844,32.89005249408777,-26.864733630191246
2024,ULTRA UST BOND,53,719200.9433962264,-635416.1509433963,42.39344229420593,-37.480089631256924
2024,UST BOND,53,484162.8490566038,-444715.6603773585,29.101585018783595,-26.58268757055397
2025,ULTRA UST BOND,52,744324.1923076923,-578488.9038461539,37.83916555037426,-29.410660343659178
2025,UST BOND,52,531446.3653846154,-435774.42307692306,28.516368735331977,-23.38544835155917
2026,ULTRA UST BOND,39,1076473.7435897435,-833470.1538461539,45.67262503115821,-35.236947106388264
2026,UST BOND,39,485870.23076923075,-310674.4358974359,26.137678721977743,-16.714738537957917
