date,mutual_funds_treasury,hf_domestic_treasury_net,hf_foreign_treasury_net,hf_domestic_government_long,hf_foreign_government_long
2016-01-01,844046.0,102785.0,295436.0,130716.0,475600.0
2016-04-01,913024.0,101242.0,321793.0,132837.0,528337.0
2016-07-01,943016.0,118345.0,302246.0,149163.0,508007.0
2016-10-01,904100.0,118870.0,310137.0,147085.0,517762.0
2017-01-01,924723.0,108879.0,272559.0,138037.0,502217.0
2017-04-01,979828.0,101925.0,259571.0,132361.0,522065.0
2017-07-01,1040876.0,100754.0,255477.0,138476.0,514786.0
2017-10-01,1090830.0,105262.0,276477.0,142209.0,525935.0
2018-01-01,1093359.0,109531.0,278348.0,147421.0,534270.0
2018-04-01,1111114.0,113188.0,408787.0,155254.0,631303.0
2018-07-01,1127290.0,95887.0,486895.0,138683.0,690470.0
2018-10-01,1146356.0,108640.0,616916.0,142453.0,872480.0
2019-01-01,1175247.0,97248.0,817434.0,132326.0,1041801.0
2019-04-01,1204069.0,107380.0,928671.0,143006.0,1184289.0
2019-07-01,1268218.0,120638.0,854665.0,156538.0,1085595.0
2019-10-01,1287015.0,107149.0,843000.0,138747.0,1091408.0
2020-01-01,1140897.0,113730.0,719494.0,154700.0,1033025.0
2020-04-01,1127893.0,111298.0,668238.0,148594.0,898381.0
2020-07-01,1228371.0,108667.0,694903.0,142529.0,914011.0
2020-10-01,1315725.0,89012.0,667361.0,125362.0,831580.0
2021-01-01,1365256.0,87159.0,440912.0,123078.0,747322.0
2021-04-01,1487334.0,96623.0,531011.0,132366.0,812002.0
2021-07-01,1540207.0,84471.0,426437.0,122131.0,802915.0
2021-10-01,1593978.0,91353.0,426342.0,130591.0,836897.0
2022-01-01,1528334.0,104263.0,392178.0,138628.0,805347.0
2022-04-01,1427826.0,111735.0,424834.0,148555.0,788458.0
2022-07-01,1345823.0,103786.0,450838.0,139368.0,770880.0
2022-10-01,1342336.0,97994.0,582044.0,130827.0,885309.0
2023-01-01,1369594.0,129075.0,707548.0,166471.0,1001856.0
2023-04-01,1345641.0,105058.0,893533.0,144286.0,1181739.0
2023-07-01,1317557.0,110239.0,1021659.0,151648.0,1348632.0
2023-10-01,1389718.0,100793.0,1299916.0,142115.0,1546821.0
2024-01-01,1405545.0,105006.0,1246298.0,139761.0,1534200.0
2024-04-01,1422732.0,115323.0,1337852.0,151886.0,1621347.0
2024-07-01,1514412.0,115419.0,1507523.0,153768.0,1799558.0
2024-10-01,1516070.0,102233.0,1558706.0,137758.0,1841348.0
2025-01-01,1545130.0,111127.0,1763065.0,148796.0,2097986.0
2025-04-01,1541358.0,106180.0,1823652.0,143159.0,2171544.0
2025-07-01,1641230.0,98143.0,1955524.0,131679.0,2280291.0
2025-10-01,1685159.0,102791.0,2070754.0,134633.0,2373555.0
2026-01-01,1733658.0,108789.0,1806092.0,140473.0,2148374.0
2026-04-01,1741237.0,123515.0,,,
