date,mutual_funds_treasury,hf_domestic_treasury_net,hf_foreign_treasury_net,hf_domestic_government_long,hf_foreign_government_long,year,period_type
2016-10-01,904100.0,118870.0,310137.0,147085.0,517762.0,2016,year_end
2017-10-01,1090830.0,105262.0,276477.0,142209.0,525935.0,2017,year_end
2018-10-01,1146356.0,108640.0,616916.0,142453.0,872480.0,2018,year_end
2019-10-01,1287015.0,107149.0,843000.0,138747.0,1091408.0,2019,year_end
2020-10-01,1315725.0,89012.0,667361.0,125362.0,831580.0,2020,year_end
2021-10-01,1593978.0,91353.0,426342.0,130591.0,836897.0,2021,year_end
2022-10-01,1342336.0,97994.0,582044.0,130827.0,885309.0,2022,year_end
2023-10-01,1389718.0,100793.0,1299916.0,142115.0,1546821.0,2023,year_end
2024-10-01,1516070.0,102233.0,1558706.0,137758.0,1841348.0,2024,year_end
2025-10-01,1685159.0,102791.0,2070754.0,134633.0,2373555.0,2025,year_end
2026-04-01,1741237.0,123515.0,,,,2026,latest_ytd
