issue_date,security_type,coupon_rate_or_spread,cusip,maturity_date,total_issue,soma_federal_reserve_banks,depository_institutions,individuals,dealers_and_brokers,pension_and_retirement_funds_and_ins_co,investment_funds,foreign_and_international,other
2026-07-15 00:00:00,30-Year Bond,5.0,912810UU0,2056-05-15,24.2878937,2.2878616,0.000713,0.0446673,2.77526,0.0,16.1100518,3.06534,0.004
2026-06-15 00:00:00,30-Year Bond,5.0,912810UU0,2056-05-15,22.0000228,0.0,0.0,0.0405798,3.96603,0.0,15.722813,2.2706,0.0
2026-05-15 00:00:00,30-Year Bond,5.0,912810UU0,2056-05-15,30.9361655,5.9361599,0.01,0.062324,3.54046,0.275,18.340383,2.7668386,0.005
2026-04-15 00:00:00,30-Year Bond,4.75,912810UR7,2056-02-15,25.9013862,3.9013587,0.0,0.0267897,3.242592,0.002,16.4151932,2.3134526,0.0
2026-03-16 00:00:00,30-Year Bond,4.75,912810UR7,2056-02-15,22.0055773,0.0055462,0.0,0.0455141,2.4696,0.0,16.96196,2.522957,0.0
2026-02-17 00:00:00,30-Year Bond,4.75,912810UR7,2056-02-15,32.0819005,7.0838483,0.0,0.0365672,2.04484,0.0,18.368945,4.5477,0.0
2026-01-15 00:00:00,30-Year Bond,4.625,912810UP1,2055-11-15,28.4037182,6.4036534,0.0,0.0270609,3.15607,0.0,14.6063229,4.205611,0.005
2025-12-15 00:00:00,30-Year Bond,4.625,912810UP1,2055-11-15,21.9890517,0.0,0.0,0.0322617,2.901302,0.01,15.131378,3.91411,0.0
2025-11-17 00:00:00,30-Year Bond,4.625,912810UP1,2055-11-15,28.8855404,3.8937904,0.0,0.045328,4.278484,0.0,16.733808,3.93413,0.0
2025-10-15 00:00:00,30-Year Bond,4.75,912810UM8,2055-08-15,22.3983816,0.4083927,0.0,0.0455314,2.459437,0.0,16.5709845,2.911036,0.003
2025-09-15 00:00:00,30-Year Bond,4.75,912810UM8,2055-08-15,21.9999112,0.0,0.0,0.0437622,2.767051,0.0,16.092898,3.0962,0.0
2025-08-15 00:00:00,30-Year Bond,4.75,912810UM8,2055-08-15,33.4843195,8.4843484,0.0,0.0541091,5.086875,0.0,16.784567,3.07442,0.0
2025-07-15 00:00:00,30-Year Bond,4.75,912810UK2,2055-05-15,24.6032381,2.6031153,0.0,0.0263578,3.37575,0.0,16.556895,2.04112,0.0
2025-06-16 00:00:00,30-Year Bond,4.75,912810UK2,2055-05-15,22.3956399,0.395645,0.0,0.0609979,3.125504,0.0,16.295063,2.51843,0.0
2025-05-15 00:00:00,30-Year Bond,4.75,912810UK2,2055-05-15,33.8047827,8.8248243,0.025,0.0628084,4.1227865,0.0,17.763483,3.0058805,0.0
2025-04-15 00:00:00,30-Year Bond,4.625,912810UG1,2055-02-15,25.6720874,3.6720204,0.0,0.1789043,3.287688,0.0035,16.2002747,2.3297,0.0
2025-03-17 00:00:00,30-Year Bond,4.625,912810UG1,2055-02-15,22.3629035,0.3728982,0.01,0.1021793,4.30154,0.0,15.4358835,2.1404025,0.0
2025-02-18 00:00:00,30-Year Bond,4.625,912810UG1,2055-02-15,31.8678448,6.8678302,0.0,0.0815183,4.8101093,0.001,17.197057,2.91033,0.0
2025-01-15 00:00:00,30-Year Bond,4.5,912810UE6,2054-11-15,26.834473,4.8342461,0.0,0.0337333,3.433702,0.0,15.9054316,2.62736,0.0
2024-12-16 00:00:00,30-Year Bond,4.5,912810UE6,2054-11-15,22.1557829,0.1575611,0.5,0.0879218,3.7357144,0.0,15.354114,2.3204716,0.0
2024-11-15 00:00:00,30-Year Bond,4.5,912810UE6,2054-11-15,31.0747364,6.0756805,0.0,0.0995851,3.1123,0.5,19.1542408,2.12608,0.00685
2024-10-15 00:00:00,30-Year Bond,4.25,912810UC0,2054-08-15,22.3019342,0.3019442,0.0,0.0801865,3.2168735,0.0,16.17326,2.52967,0.0
2024-09-16 00:00:00,30-Year Bond,4.25,912810UC0,2054-08-15,22.2101406,0.2102284,1.001,0.05292,4.0668608,0.0,14.2080514,2.67108,0.0
2024-08-15 00:00:00,30-Year Bond,4.25,912810UC0,2054-08-15,29.7551569,4.7543829,0.002,0.0823185,5.33057,0.0,16.22165,3.3642355,0.0
2024-07-15 00:00:00,30-Year Bond,4.625,912810UA4,2054-05-15,25.5742164,3.5744291,0.0,0.0568373,3.931584,0.0,16.387316,1.62405,0.0
2024-06-17 00:00:00,30-Year Bond,4.625,912810UA4,2054-05-15,22.7093787,0.7116008,0.001,0.0526261,3.5029185,0.0,16.1476333,2.2936,0.0
2024-05-15 00:00:00,30-Year Bond,4.625,912810UA4,2054-05-15,28.142063,3.1422491,0.0,0.0332689,4.35645,0.0,18.183995,2.4261,0.0
2024-04-15 00:00:00,30-Year Bond,4.25,912810TX6,2054-02-15,22.3628269,0.3628199,0.0,0.0255146,4.4117079,0.0,15.4680845,2.0947,0.0
2024-03-15 00:00:00,30-Year Bond,4.25,912810TX6,2054-02-15,21.989861,0.0,0.0,0.0396642,3.661,0.0,16.0156468,2.27355,0.0
2024-02-15 00:00:00,30-Year Bond,4.25,912810TX6,2054-02-15,26.8477233,1.8489346,0.0,0.0696097,4.3386725,0.0,16.2972315,4.293275,0.0
2024-01-16 00:00:00,30-Year Bond,4.75,912810TV0,2053-11-15,20.9998759,0.0,0.0,0.0558457,3.561618,0.02,15.9690122,1.3934,0.0
2023-12-15 00:00:00,30-Year Bond,4.75,912810TV0,2053-11-15,20.994897,0.0,0.0,0.0641945,3.482,0.2,14.6457025,2.603,0.0
2023-11-15 00:00:00,30-Year Bond,4.75,912810TV0,2053-11-15,24.4569218,0.4567153,0.005,0.1297865,6.42194,0.21,13.79978,3.4337,0.0
2023-10-16 00:00:00,30-Year Bond,4.125,912810TT5,2053-08-15,20.0002451,0.0,0.01,0.0472251,4.01807,0.0,13.79675,2.1282,0.0
2023-09-15 00:00:00,30-Year Bond,4.125,912810TT5,2053-08-15,19.9991967,0.0,0.0,0.0370857,3.6171,0.0,13.368411,2.9766,0.0
2023-08-15 00:00:00,30-Year Bond,4.125,912810TT5,2053-08-15,31.584517,8.6045962,0.01,0.0565193,3.3960375,0.0,15.984864,3.5325,0.0
2023-07-17 00:00:00,30-Year Bond,3.625,912810TR9,2053-05-15,17.999981,0.0,0.0,0.016036,2.40442,0.0,13.980725,1.5988,0.0
2023-06-15 00:00:00,30-Year Bond,3.625,912810TR9,2053-05-15,17.9999662,0.0,0.0,0.0193816,2.0508875,0.0,14.2000971,1.7296,0.0
2023-05-15 00:00:00,30-Year Bond,3.625,912810TR9,2053-05-15,26.7112417,5.7212919,0.0,0.0316448,2.5759,0.0,15.091405,3.291,0.0
2023-04-17 00:00:00,30-Year Bond,3.625,912810TN8,2053-02-15,19.1406631,1.1508687,0.01,0.0387012,2.3702426,0.0,13.539622,2.0312286,0.0
2023-03-15 00:00:00,30-Year Bond,3.625,912810TN8,2053-02-15,17.999877,0.0,0.0,0.025242,2.03383,0.0,12.356655,3.58415,0.0
2023-02-15 00:00:00,30-Year Bond,3.625,912810TN8,2053-02-15,29.2065642,8.2065512,0.01,0.056628,3.688155,0.8,13.72613,2.7191,0.0
2023-01-17 00:00:00,30-Year Bond,4.0,912810TL2,2052-11-15,18.0000376,0.0,0.0,0.0258656,1.941632,0.01,13.097368,2.925172,0.0
2022-12-15 00:00:00,30-Year Bond,4.0,912810TL2,2052-11-15,17.9886095,0.0,0.01,0.1124303,3.082104,0.0,10.83922,3.5428552,0.402
2022-11-15 00:00:00,30-Year Bond,4.0,912810TL2,2052-11-15,28.3533667,7.3642024,0.008322,0.0243731,2.481432,0.4,14.9342384,2.9563988,0.1844
2022-10-17 00:00:00,30-Year Bond,3.0,912810TJ7,2052-08-15,18.0000004,0.0,0.0,0.0040314,2.79895,0.015,13.206519,1.9533,0.0222
2022-09-15 00:00:00,30-Year Bond,3.0,912810TJ7,2052-08-15,17.9998858,0.0,0.0,0.0032524,2.6059119,0.0,13.1556215,2.2069,0.0282
2022-08-15 00:00:00,30-Year Bond,3.0,912810TJ7,2052-08-15,34.2771217,13.282157,0.01,0.0030137,3.26,0.0,14.526451,3.1763,0.0192
2022-07-15 00:00:00,30-Year Bond,2.875,912810TG3,2052-05-15,21.4216982,2.4216924,0.0,0.0021407,2.5818566,0.0,14.6610085,1.6503,0.1047
2022-06-15 00:00:00,30-Year Bond,2.875,912810TG3,2052-05-15,20.1171779,1.1171861,0.0,0.0021568,3.155,0.0,13.667635,2.0984,0.0768
2022-05-16 00:00:00,30-Year Bond,2.875,912810TG3,2052-05-15,37.3863596,15.3963986,0.03,0.0042433,3.588,0.0,15.7906877,2.52608,0.05095
2022-04-18 00:00:00,30-Year Bond,2.25,912810TD0,2052-02-15,24.7709184,4.7708832,0.03,0.0046346,3.657981,0.08,13.234711,2.9513086,0.0414
2022-03-15 00:00:00,30-Year Bond,2.25,912810TD0,2052-02-15,23.3603954,3.3603921,0.0,0.0041928,3.0264984,0.065,14.5652516,2.3014605,0.0376
2022-02-15 00:00:00,30-Year Bond,2.25,912810TD0,2052-02-15,36.9141325,13.9141271,0.0,0.003081,3.873463,0.0,15.013915,4.0813964,0.02815
2022-01-18 00:00:00,30-Year Bond,1.875,912810TB4,2051-11-15,25.5298819,3.5298722,0.0227725,0.0043522,4.626281,0.086,14.880359,2.353095,0.02715
2021-12-15 00:00:00,30-Year Bond,1.875,912810TB4,2051-11-15,25.2440004,3.2440178,0.01,0.0026926,5.23567,0.1,13.66762,2.9574,0.0266
2021-11-15 00:00:00,30-Year Bond,1.875,912810TB4,2051-11-15,39.4614257,14.4613958,0.025,0.0019759,7.017874,0.06,14.19898,3.6831,0.0131
2021-10-15 00:00:00,30-Year Bond,2.0,912810SZ2,2051-08-15,25.8053829,1.8058,0.0,0.0013685,3.543,0.069,13.7303144,6.6491,0.0068
2021-09-15 00:00:00,30-Year Bond,2.0,912810SZ2,2051-08-15,26.5556113,2.5556,0.0,0.001623,3.9517407,0.14,17.220683,2.6815646,0.0044
2021-08-16 00:00:00,30-Year Bond,2.0,912810SZ2,2051-08-15,39.0458235,12.0458221,0.1,0.0027091,5.9845773,0.008,16.8778,4.026915,0.0
2021-07-15 00:00:00,30-Year Bond,2.375,912810SX7,2051-05-15,27.9509463,3.950918,0.035,0.001481,6.1627223,0.1,14.9392162,2.7616088,0.0
2021-06-15 00:00:00,30-Year Bond,2.375,912810SX7,2051-05-15,26.2064007,2.2064,0.015,0.0031862,5.2599265,0.0582,16.360418,2.30327,0.0
2021-05-17 00:00:00,30-Year Bond,2.375,912810SX7,2051-05-15,41.3236413,14.32363,0.265,0.0106796,6.3210067,0.081,16.885635,3.43669,0.0
2021-04-15 00:00:00,30-Year Bond,1.875,912810SU3,2051-02-15,27.6844357,3.6844024,0.037,0.0070153,4.9310155,0.1,16.4589925,2.46601,0.0
2021-03-15 00:00:00,30-Year Bond,1.875,912810SU3,2051-02-15,25.4874017,1.4874,0.005,0.0057217,5.430756,0.0,15.90712,2.651404,0.0
2021-02-16 00:00:00,30-Year Bond,1.875,912810SU3,2051-02-15,36.7946655,9.7950274,0.025,0.0093229,7.0344552,0.0,16.18599,3.74487,0.0
2021-01-15 00:00:00,30-Year Bond,1.625,912810SS8,2050-11-15,26.4126253,2.4126235,0.0,0.0034892,4.2537328,0.03,14.7968613,4.9159185,0.0
2020-12-15 00:00:00,30-Year Bond,1.625,912810SS8,2050-11-15,25.0222461,1.0222372,0.4,0.0027316,4.9555344,0.035,17.1169722,1.4897707,0.0
2020-11-16 00:00:00,30-Year Bond,1.625,912810SS8,2050-11-15,34.4033906,7.4034407,0.0,0.0029509,6.498878,0.12,16.90114,3.176981,0.3
2020-10-15 00:00:00,30-Year Bond,1.375,912810SP4,2050-08-15,23.6433738,0.6433727,0.5,0.0008493,5.990921,0.06,13.9163508,2.53188,0.0
2020-09-15 00:00:00,30-Year Bond,1.375,912810SP4,2050-08-15,23.9455683,0.9455555,0.0,0.0016138,5.770284,0.0334,13.591905,3.60281,0.0
2020-08-17 00:00:00,30-Year Bond,1.375,912810SP4,2050-08-15,41.4635792,15.463573,0.0,0.0081112,8.31344,0.03,14.805175,2.84328,0.0
2020-07-15 00:00:00,30-Year Bond,1.25,912810SN9,2050-05-15,20.6668993,1.6668853,0.6,0.000941,3.9358807,0.0121228,10.4060345,4.045035,0.0
2020-06-15 00:00:00,30-Year Bond,1.25,912810SN9,2050-05-15,19.2701433,0.2701304,0.0,0.0009047,5.5549612,0.0,11.8772178,1.5669292,0.0
2020-05-15 00:00:00,30-Year Bond,1.25,912810SN9,2050-05-15,33.6347766,11.6346731,0.01,0.0065835,7.9846,0.0,12.0937,1.90222,0.003
2020-04-15 00:00:00,30-Year Bond,2.0,912810SL3,2050-02-15,17.055956,0.055953,0.0,0.0035023,4.833205,0.02,10.9474057,1.19589,0.0
2020-03-16 00:00:00,30-Year Bond,2.0,912810SL3,2050-02-15,16.0153844,0.0153846,0.0,0.0154296,3.8104248,0.0,11.141723,1.0114224,0.021
2020-02-18 00:00:00,30-Year Bond,2.0,912810SL3,2050-02-15,27.449831,8.4498698,2.0,0.0050524,4.091475,0.0,10.230265,2.6471688,0.026
2020-01-15 00:00:00,30-Year Bond,2.375,912810SK5,2049-11-15,16.5119671,0.5119411,0.0,0.010794,3.39995,0.0,10.427082,2.1622,0.0
2019-12-16 00:00:00,30-Year Bond,2.375,912810SK5,2049-11-15,15.9989552,0.0,0.0,0.0043752,2.87655,0.0,10.38343,2.7346,0.0
2019-11-15 00:00:00,30-Year Bond,2.375,912810SK5,2049-11-15,27.9938475,8.9966612,1.0,0.0114713,4.486485,0.0,10.4599425,3.0382875,0.001
2019-10-15 00:00:00,30-Year Bond,2.25,912810SJ8,2049-08-15,16.0000189,0.0,0.0,0.002716,3.9897565,0.0,9.7238145,2.2617319,0.022
2019-09-16 00:00:00,30-Year Bond,2.25,912810SJ8,2049-08-15,15.9986288,0.0,0.5,0.016766,4.6319428,0.0,9.5032,1.31572,0.031
2019-08-15 00:00:00,30-Year Bond,2.25,912810SJ8,2049-08-15,31.3985124,12.3984968,0.5,0.0087016,5.24533,0.0,11.265984,1.954,0.026
2019-07-15 00:00:00,30-Year Bond,2.875,912810SH2,2049-05-15,16.1362314,0.1362207,0.0,0.0072537,5.614762,0.0,8.968495,1.3685,0.041
2019-06-17 00:00:00,30-Year Bond,2.875,912810SH2,2049-05-15,15.9998888,0.0,0.0,0.0078348,4.051657,0.0,10.919597,0.9598,0.061
2019-05-15 00:00:00,30-Year Bond,2.875,912810SH2,2049-05-15,25.4724942,6.4724948,0.0,0.0227989,5.6862125,0.0,12.369733,0.871255,0.05
2019-04-15 00:00:00,30-Year Bond,3.0,912810SF6,2049-02-15,16.002026,0.0022231,0.0,0.0025854,4.3536025,0.0,10.303115,1.2925,0.048
2019-03-15 00:00:00,30-Year Bond,3.0,912810SF6,2049-02-15,15.999939,0.0,0.0,0.0021407,4.7950093,0.0,9.770389,1.3824,0.05
2019-02-15 00:00:00,30-Year Bond,3.0,912810SF6,2049-02-15,23.5746053,4.5756185,0.0,0.0067036,5.45831,0.0,11.64997,1.8360032,0.048
2019-01-15 00:00:00,30-Year Bond,3.375,912810SE9,2048-11-15,15.9949844,0.0,0.0,0.0022001,4.558003,0.0,10.6797363,0.702045,0.053
2018-12-17 00:00:00,30-Year Bond,3.375,912810SE9,2048-11-15,15.9999923,0.0,0.0,0.0041768,3.768453,0.0,9.9323225,2.24304,0.052
2018-11-15 00:00:00,30-Year Bond,3.375,912810SE9,2048-11-15,22.8736063,3.8746847,0.0,0.0055318,7.681,0.0,9.231425,2.0249648,0.056
2018-10-15 00:00:00,30-Year Bond,3.0,912810SD1,2048-08-15,14.9999579,0.0,0.0,0.0019917,3.7327322,0.0,9.202634,2.0086,0.054
2018-09-17 00:00:00,30-Year Bond,3.0,912810SD1,2048-08-15,15.0000247,0.0,0.0,0.0032372,4.3763916,0.0,8.9459959,1.6224,0.052
2018-08-15 00:00:00,30-Year Bond,3.0,912810SD1,2048-08-15,20.4198067,2.4199114,0.0,0.0082068,5.740461,0.0,10.4584275,1.7408,0.052
2018-07-16 00:00:00,30-Year Bond,3.125,912810SC3,2048-05-15,14.054413,0.0544151,0.0,0.0049339,4.218752,0.007,8.583812,1.1455,0.04
2018-06-15 00:00:00,30-Year Bond,3.125,912810SC3,2048-05-15,14.0000296,0.0,0.01,0.0070905,4.1060251,0.0,8.4895045,1.3574095,0.03
2018-05-15 00:00:00,30-Year Bond,3.125,912810SC3,2048-05-15,21.0981844,4.0981553,0.0,0.0200744,5.3624959,0.0,10.5570588,1.0444,0.016
2018-04-16 00:00:00,30-Year Bond,3.0,912810SA7,2048-02-15,13.022274,0.0222871,0.015,0.0017899,3.4455,0.0,7.850707,1.66699,0.02
2018-03-15 00:00:00,30-Year Bond,3.0,912810SA7,2048-02-15,12.9999921,0.0,0.0,0.0024211,3.7646,0.0,6.752431,2.48054,0.0
2018-02-15 00:00:00,30-Year Bond,3.0,912810SA7,2048-02-15,19.0222436,3.0240751,0.0,0.0097985,5.251415,0.0,8.440613,2.283342,0.013
2018-01-16 00:00:00,30-Year Bond,2.75,912810RZ3,2047-11-15,12.4063433,0.406389,0.0,0.0026011,2.7475632,0.0,7.95826,1.29053,0.001
2017-12-15 00:00:00,30-Year Bond,2.75,912810RZ3,2047-11-15,11.9993258,0.0,0.0,0.0018658,3.71775,0.0,6.6719725,1.5917375,0.016
2017-11-15 00:00:00,30-Year Bond,2.75,912810RZ3,2047-11-15,16.8239509,1.823982,0.0,0.0048529,5.07861,0.0,8.820186,1.08032,0.016
2017-10-16 00:00:00,30-Year Bond,2.75,912810RY6,2047-08-15,11.9991825,0.0,0.0,0.009085,3.5883715,0.0,6.913926,1.4658,0.022
2017-09-15 00:00:00,30-Year Bond,2.75,912810RY6,2047-08-15,11.9998821,0.0,0.02,0.0140941,4.52428,0.0,6.954508,0.467,0.02
2017-08-15 00:00:00,30-Year Bond,2.75,912810RY6,2047-08-15,19.5133047,4.5133064,0.0,0.0078118,4.5809,0.0,9.2407865,1.1465,0.024
2017-07-17 00:00:00,30-Year Bond,3.0,912810RX8,2047-05-15,12.2739185,0.2739069,0.0,0.0060416,4.18324,0.0,7.06793,0.7228,0.02
2017-06-15 00:00:00,30-Year Bond,3.0,912810RX8,2047-05-15,11.9995927,0.0,0.0,0.0020002,3.884521,0.0,7.284604,0.7984675,0.03
2017-05-15 00:00:00,30-Year Bond,3.0,912810RX8,2047-05-15,19.95062,4.9556472,0.0,0.0071698,5.76923,0.0,7.621463,1.56311,0.034
2017-04-17 00:00:00,30-Year Bond,3.0,912810RV2,2047-02-15,12.0986213,0.0986321,0.0,0.0072387,3.855865,0.0,6.9638855,1.137,0.036
2017-03-15 00:00:00,30-Year Bond,3.0,912810RV2,2047-02-15,11.9999956,0.0,0.0,0.0062772,3.3801149,0.0,6.6048035,1.9708,0.038
2017-02-15 00:00:00,30-Year Bond,3.0,912810RV2,2047-02-15,16.7319073,1.7319079,0.0,0.0044999,4.8628825,0.0,9.238417,0.8562,0.038
2017-01-17 00:00:00,30-Year Bond,2.875,912810RU4,2046-11-15,12.664928,0.6649257,0.02,0.0020673,3.8445,0.0,7.225835,0.8636,0.044
2016-12-15 00:00:00,30-Year Bond,2.875,912810RU4,2046-11-15,12.00003,0.0,0.0,0.0050426,3.661265,0.0,7.3886524,0.92507,0.02
2016-11-15 00:00:00,30-Year Bond,2.875,912810RU4,2046-11-15,18.2838171,3.2838186,0.0,0.0095093,5.3518232,0.0,7.935036,1.66763,0.036
2016-10-17 00:00:00,30-Year Bond,2.25,912810RT7,2046-08-15,12.000031,0.0,0.0,0.0018888,3.658405,0.0,6.2862872,2.01345,0.04
2016-09-15 00:00:00,30-Year Bond,2.25,912810RT7,2046-08-15,12.0000166,0.0,0.0,0.0127287,4.725358,0.0,6.3993799,0.83555,0.027
2016-08-15 00:00:00,30-Year Bond,2.25,912810RT7,2046-08-15,16.5364267,1.536425,0.0,0.0055273,4.560168,0.0,8.8031264,1.59518,0.036
2016-07-15 00:00:00,30-Year Bond,2.5,912810RS9,2046-05-15,12.7813091,0.7815868,0.0,0.0028129,3.052688,0.0,7.1358294,1.772392,0.036
2016-06-15 00:00:00,30-Year Bond,2.5,912810RS9,2046-05-15,11.9999823,0.0,0.0,0.0026988,3.523784,0.01,6.9030995,1.5244,0.036
2016-05-16 00:00:00,30-Year Bond,2.5,912810RS9,2046-05-15,18.3922489,3.3922541,0.0,0.0152988,5.020288,0.0,8.165408,1.763,0.036
2016-04-15 00:00:00,30-Year Bond,2.5,912810RQ3,2046-02-15,12.0794509,0.0844476,0.0,0.0024873,3.212845,0.0,7.30225,1.4466,0.030821
2016-03-15 00:00:00,30-Year Bond,2.5,912810RQ3,2046-02-15,12.0,0.0,0.0,0.0037894,3.653823,0.0,6.8508876,1.4595,0.032
2016-02-16 00:00:00,30-Year Bond,2.5,912810RQ3,2046-02-15,16.1728278,1.1778062,0.0,0.0114404,5.279356,0.0,8.8212252,0.859,0.024
2016-01-15 00:00:00,30-Year Bond,3.0,912810RP5,2045-11-15,13.0000056,0.0,0.0,0.0111436,4.5416185,0.0,7.2580435,1.1592,0.03
2015-12-15 00:00:00,30-Year Bond,3.0,912810RP5,2045-11-15,13.0000035,0.0,0.0,0.008219,3.698927,0.01,8.1056075,1.15225,0.025
2015-11-16 00:00:00,30-Year Bond,3.0,912810RP5,2045-11-15,16.081684,0.0815215,0.015,0.0392825,5.185135,0.02,9.192715,1.51803,0.03
