,,,,,,,,,,,,,
Auction Allotments By Investor Class For Marketable Treasury Coupon Securities,,,,,,,,,,,,,
"[In billions of dollars. Source: Office of Debt Management, Office of the Under Secretary for Domestic Finance]",,,,,,,,,,,,,
"Issue 
 date",Security type," (%)
 Coupon 
 rate 
 Or
 Spread",Cusip,"Maturity 
 date","Total 
 issue","(SOMA) 
 Federal 
 Reserve 
 banks","Depository 
 institutions",Individuals,"Dealers 
 and 
 brokers","Pension 
 and  
 Retirement 
 funds and 
 Ins. Co.","Investment 
 funds","Foreign 
 and  
 international",Other
,,,,,,,,,,,,,
2026-07-31 00:00:00,2-Year FRN,0.05,91282CRD5,2028-07-31 00:00:00,33.3172268,3.316834,0.1,0.0380614,11.0190182,0,16.7738132,2.0695,0
2026-07-31 00:00:00,2-Year Note,4.25,91282CRB9,2028-07-31 00:00:00,76.6288421,7.6287182,0.01,0.8946855,7.4343932,0.003,54.1073202,6.51,0.040725
2026-07-31 00:00:00,5-Year Note,4.375,91282CRA1,2031-07-31 00:00:00,77.7392809,7.7392794,0,0.1309065,10.46011,0,52.773925,6.62256,0.0125
2026-07-31 00:00:00,7-Year Note,4.375,91282CRC7,2033-07-31 00:00:00,48.864691,4.8646898,0,0.0855272,7.56611,0.003,31.103714,5.24165,0
2026-07-31 00:00:00,10-Year TIPS Note,2.375,91282CRE3,2036-07-15 00:00:00,23.3217847,2.3217837,0,0.133711,2.21444,0,16.15935,2.4915,0.001
2026-07-24 00:00:00,20-Year Bond,5,912810UV8,2046-05-15 00:00:00,13.0000085,0,0,0.1105085,2.09913,0,8.77693,2.00494,0.0085
2026-07-15 00:00:00,3-Year Note,4.125,91282CQZ7,2029-07-15 00:00:00,64.0316438,6.0316354,0.0095,0.1809614,5.2751295,0,45.6972175,6.8322,0.005
2026-07-15 00:00:00,10-Year Note,4.375,91282CQQ7,2036-05-15 00:00:00,43.0558752,4.0557548,0.00075,0.0715227,4.0329153,0,29.1027824,5.78815,0.004
2026-07-15 00:00:00,30-Year Bond,5,912810UU0,2056-05-15 00:00:00,24.2878937,2.2878616,0.000713,0.0446673,2.77526,0,16.1100518,3.06534,0.004
2026-06-30 00:00:00,2-Year Note,4.125,91282CQY0,2028-06-30 00:00:00,79.3287058,10.3286944,0,0.7573464,7.75689,0.05,53.458525,6.942,0.03525
2026-06-30 00:00:00,5-Year TIPS Note,1.25,91282CQP9,2031-04-15 00:00:00,27.5925917,3.5925893,0,0.0857524,0.956075,0,20.155575,2.8026,0
2026-06-30 00:00:00,5-Year Note,4.125,91282CQX2,2031-06-30 00:00:00,80.4784034,10.4783856,0.005,0.1280381,10.295731,0.075,50.6264065,8.8648422,0.005
2026-06-30 00:00:00,7-Year Note,4.25,91282CQW4,2033-06-30 00:00:00,50.5864374,6.5864137,0.025,0.0728617,6.429048,0.05,31.559314,5.8638,0
2026-06-26 00:00:00,2-Year FRN,0.103,91282CQM6,2028-04-30 00:00:00,28.0001622,0,0,0.0190872,9.681175,0,18.2999,0,0
2026-06-22 00:00:00,20-Year Bond,5,912810UV8,2046-05-15 00:00:00,13.0000317,0,0,0.0816678,1.372971,0,10.0634129,1.48198,0
2026-06-15 00:00:00,3-Year Note,4.125,91282CQV6,2029-06-15 00:00:00,58.0000192,0,0.0085,0.2441161,9.870912,0.05,42.1809911,5.6365,0.009
2026-06-15 00:00:00,10-Year Note,4.375,91282CQQ7,2036-05-15 00:00:00,39.000001,0,0,0.0853206,4.752275,0,28.9622554,5.20015,0
2026-06-15 00:00:00,30-Year Bond,5,912810UU0,2056-05-15 00:00:00,22.0000228,0,0,0.0405798,3.96603,0,15.722813,2.2706,0
2026-06-01 00:00:00,2-Year Note,4,91282CQS3,2028-05-31 00:00:00,79.1805037,10.1804522,1.017,0.6908035,9.122218,0.0031,48.20343,9.9232,0.0403
2026-06-01 00:00:00,5-Year Note,4.125,91282CQU8,2031-05-31 00:00:00,80.328049,10.327995,0.025,0.1411515,10.0328744,0.0031,50.8466446,8.9462835,0.005
2026-06-01 00:00:00,7-Year Note,4.25,91282CQT1,2033-05-31 00:00:00,50.4918888,6.4918826,0,0.0820691,5.34169,0,32.9253021,5.650945,0
2026-06-01 00:00:00,20-Year Bond,5,912810UV8,2046-05-15 00:00:00,18.3606882,2.3606845,0,0.2311807,2.012006,0.025,12.51171,1.220107,0
2026-05-29 00:00:00,2-Year FRN,0.103,91282CQM6,2028-04-30 00:00:00,28.000453,0,0,0.0208837,7.71,0,20.2485693,0.021,0
2026-05-29 00:00:00,10-Year TIPS Note,1.875,91282CPU9,2036-01-15 00:00:00,19.0000075,0,0,0.0642455,2.598,0,14.648762,1.689,0
2026-05-15 00:00:00,3-Year Note,3.875,91282CQR5,2029-05-15 00:00:00,71.7718914,13.7718912,0.005,0.1863107,10.4940545,0.05,41.635935,5.6287,0
