cusip,auction_date,issue_date,maturity_date,security_type,security_term,original_security_term,inflation_index_security,reopening,offering_amt,high_yield,bid_to_cover_ratio,total_tendered,total_accepted,comp_accepted,primary_dealer_accepted,direct_bidder_accepted,indirect_bidder_accepted,primary_dealer_pct,direct_bidder_pct,indirect_bidder_pct,bidder_pct_sum,year
912810RP5,2016-01-14,2016-01-15,2045-11-15,Bond,29-Year 10-Month,30-Year,No,Yes,13000000000,2.905,2.29,29748370300,13000002300,12987262000,4238018500,1409000000,7340243500,32.632116761793206,10.849091979510385,56.5187912586964,100.0,2016
912810RQ3,2016-02-11,2016-02-16,2046-02-15,Bond,30-Year,30-Year,No,No,15000000000,2.5,2.09,32560019300,16177830500,14983581200,4754480000,1535876000,8693225200,31.731265953962996,10.250393277142583,58.01834076889442,100.0,2016
912810RQ3,2016-03-10,2016-03-15,2046-02-15,Bond,29-Year 11-Month,30-Year,No,Yes,12000000000,2.72,2.33,27926899500,12000000100,11996210600,3243823000,1441000000,7311387600,27.040397240108472,12.012126562699725,60.947476197191804,100.0,2016
912810RQ3,2016-04-14,2016-04-15,2046-02-15,Bond,29-Year 10-Month,30-Year,No,Yes,12000000000,2.596,2.4,28910785100,12084451100,11987516000,2886345000,1296500000,7804671000,24.077924067004375,10.81541830684522,65.10665762615041,100.0,2016
912810RS9,2016-05-12,2016-05-16,2046-05-15,Bond,30-Year,30-Year,No,No,15000000000,2.615,2.19,36283408900,18392288900,14984696000,4719288000,1315000000,8950408000,31.494052331792382,8.7756201393742,59.73032752883342,100.0,2016
912810RS9,2016-06-09,2016-06-15,2046-05-15,Bond,29-Year 11-Month,30-Year,No,Yes,12000000000,2.475,2.42,29080860100,12000014600,11997283500,3236609500,970174500,7790499500,26.97785294479371,8.086618108174237,64.93552894703205,100.0,2016
912810RS9,2016-07-13,2016-07-15,2046-05-15,Bond,29-Year 10-Month,30-Year,No,Yes,12000000000,2.172,2.48,30598150600,12781587000,11996909400,2770188000,1009500000,8217221400,23.090847047657125,8.414667197536726,68.49448575480615,100.0,2016
912810RT7,2016-08-11,2016-08-15,2046-08-15,Bond,30-Year,30-Year,No,No,15000000000,2.274,2.24,35069341200,16536444600,14994474400,4146168000,1633980000,9214326400,27.651306003763626,10.89721424313479,61.45147975310158,100.0,2016
912810RT7,2016-09-13,2016-09-15,2046-08-15,Bond,29-Year 11-Month,30-Year,No,Yes,12000000000,2.475,2.13,25547390900,12000017800,11981287900,4489864800,549493200,6941929900,37.47397473021243,4.586261548727162,57.9397637210604,100.0,2016
912810RT7,2016-10-13,2016-10-17,2046-08-15,Bond,29-Year 10-Month,30-Year,No,Yes,12000000000,2.47,2.44,29268487800,12000031000,11993142200,3415405000,735000000,7842737200,28.47798302599964,6.128502336943858,65.3935146370565,100.0,2016
912810RU4,2016-11-10,2016-11-15,2046-11-15,Bond,30-Year,30-Year,No,No,15000000000,2.902,2.11,34886215400,18283818600,14990499200,4955112000,1873000000,8162387200,33.05501660678518,12.494580567403652,54.45040282581117,100.0,2016
912810RU4,2016-12-13,2016-12-15,2046-11-15,Bond,29-Year 11-Month,30-Year,No,Yes,12000000000,3.152,2.39,28703357300,12000033700,11994987400,3219265000,1115700000,7660022400,26.838419188335287,9.301385343681146,63.860195467983566,100.0,2016
912810RU4,2017-01-12,2017-01-17,2046-11-15,Bond,29-Year 10-Month,30-Year,No,Yes,12000000000,2.914,2.32,28451323300,12664929300,11994935000,3455500000,544000000,7995435000,28.807992706921713,4.5352475857518195,66.65675970732647,100.0,2017
912810RV2,2017-02-09,2017-02-15,2047-02-15,Bond,30-Year,30-Year,No,No,15000000000,3.005,2.25,35465907600,16731908100,14995499500,4331882500,735000000,9928617000,28.88788399479457,4.901470604563722,66.21064540064171,100.0,2017
912810RV2,2017-03-09,2017-03-15,2047-02-15,Bond,29-Year 11-Month,30-Year,No,Yes,12000000000,3.17,2.34,28045070700,12000003100,11993718400,3098049500,1573065400,7322603500,25.83060062507387,13.115743988119648,61.05365538680648,100.0,2017
912810RV2,2017-04-12,2017-04-17,2047-02-15,Bond,29-Year 10-Month,30-Year,No,Yes,12000000000,2.938,2.23,26811570100,12098641600,11992750500,3563515000,698000000,7731235500,29.713909248758238,5.820182784591408,64.46590796665035,100.0,2017
912810RX8,2017-05-11,2017-05-15,2047-05-15,Bond,30-Year,30-Year,No,No,15000000000,3.05,2.19,37819560200,19955665200,14987803000,5341230000,792000000,8854573000,35.63717777715653,5.284296837902126,59.078525384941344,100.0,2017
912810RX8,2017-06-13,2017-06-15,2047-05-15,Bond,29-Year 11-Month,30-Year,No,Yes,12000000000,2.87,2.32,27829716700,12000003200,11997542500,3548471000,805000000,7644071500,29.57664871785201,6.709707425499847,63.71364385664814,100.0,2017
912810RX8,2017-07-13,2017-07-17,2047-05-15,Bond,29-Year 10-Month,30-Year,No,Yes,12000000000,2.936,2.31,27949941200,12273921200,11995970000,3831640000,765000000,7399330000,31.941060206052533,6.377141656739722,61.68179813720774,100.0,2017
912810RY6,2017-08-10,2017-08-15,2047-08-15,Bond,30-Year,30-Year,No,No,15000000000,2.818,2.32,39301514000,19513311500,14997186500,4172865000,807035000,10017286500,27.82431891475111,5.381242675084423,66.79443841016446,100.0,2017
912810RY6,2017-09-13,2017-09-15,2047-08-15,Bond,29-Year 11-Month,30-Year,No,Yes,12000000000,2.79,2.21,26488241700,12000001700,11995788000,4126280000,818000000,7051508000,34.39774027350266,6.819060156781697,58.783199569715634,100.0,2017
912810RY6,2017-10-12,2017-10-16,2047-08-15,Bond,29-Year 10-Month,30-Year,No,Yes,12000000000,2.87,2.53,30360091400,12000002900,11995097500,3189571500,1272000000,7533526000,26.59062587861416,10.604332311596467,62.80504180978937,100.0,2017
912810RZ3,2017-11-09,2017-11-15,2047-11-15,Bond,30-Year,30-Year,No,No,15000000000,2.801,2.23,35202372700,16823982700,14995116000,4762610000,963000000,9269506000,31.761074739268437,6.422091032840293,61.81683422789127,100.0,2017
912810RZ3,2017-12-12,2017-12-15,2047-11-15,Bond,29-Year 11-Month,30-Year,No,Yes,12000000000,2.804,2.48,29744981800,12000011800,11992460000,3484950000,1083000000,7424510000,29.059509058191562,9.030674273668621,61.90981666813981,100.0,2017
912810RZ3,2018-01-11,2018-01-16,2047-11-15,Bond,29-Year 10-Month,30-Year,No,Yes,12000000000,2.867,2.74,33292485200,12406398400,11997353200,2547563200,873000000,8576790000,21.23437692907132,7.276604976504317,71.48901809442437,100.0,2018
912810SA7,2018-02-08,2018-02-15,2048-02-15,Bond,30-Year,30-Year,No,No,16000000000,3.121,2.26,39132470000,19024077000,15983370000,4922065000,1287000000,9774305000,30.79491371344091,8.052119171363737,61.15296711519536,100.0,2018
912810SA7,2018-03-13,2018-03-15,2048-02-15,Bond,29-Year 11-Month,30-Year,No,Yes,13000000000,3.109,2.38,30985725700,13000001700,12995571000,3548000000,1917000000,7530571000,27.301609140529493,14.751179459525096,57.94721139994541,100.0,2018
912810SA7,2018-04-12,2018-04-16,2048-02-15,Bond,29-Year 10-Month,30-Year,No,Yes,13000000000,3.044,2.41,31409479700,13022289700,12998197000,3171000000,1896000000,7931197000,24.39569118701617,14.586638439161986,61.017670373821844,100.0,2018
912810SC3,2018-05-10,2018-05-15,2048-05-15,Bond,30-Year,30-Year,No,No,17000000000,3.13,2.38,44500965400,21098197100,16994954700,4913239000,1418000000,10663715700,28.909985855978775,8.343652719474445,62.746361424546784,100.0,2018
912810SC3,2018-06-12,2018-06-15,2048-05-15,Bond,29-Year 11-Month,30-Year,No,Yes,14000000000,3.1,2.38,33318151000,14000008100,13992939100,3846767100,1437258000,8708914000,27.49077282841887,10.271308906075351,62.237918265505776,100.0,2018
912810SC3,2018-07-12,2018-07-16,2048-05-15,Bond,29-Year 10-Month,30-Year,No,Yes,14000000000,2.958,2.34,32772713600,14054415600,13995064000,3890000000,1445000000,8660064000,27.795514189860082,10.325068895719234,61.87941691442069,100.0,2018
912810SD1,2018-08-09,2018-08-15,2048-08-15,Bond,30-Year,30-Year,No,No,18000000000,3.09,2.27,43351623300,20419916800,17991688500,5346461000,1446000000,11199227500,29.716282604603787,8.037044438602859,62.246672956793354,100.0,2018
912810SD1,2018-09-13,2018-09-17,2048-08-15,Bond,29-Year 11-Month,30-Year,No,Yes,15000000000,3.088,2.34,35058793900,15000011400,14996787500,4049031000,1692857500,9254899000,26.999322354871,11.288134208743038,61.71254343638596,100.0,2018
912810SD1,2018-10-11,2018-10-15,2048-08-15,Bond,29-Year 10-Month,30-Year,No,Yes,15000000000,3.344,2.42,36292138200,15000000400,14997966200,3421101000,1916000000,9660865200,22.810432790547296,12.775065461875757,64.41450174757695,100.0,2018
912810SE9,2018-11-07,2018-11-15,2048-11-15,Bond,30-Year,30-Year,No,No,19000000000,3.418,2.06,42970340400,22874685200,18993389800,7227000000,550000000,11216389800,38.0500799283338,2.8957442867833945,59.0541757848828,100.0,2018
912810SE9,2018-12-13,2018-12-17,2048-11-15,Bond,29-Year 11-Month,30-Year,No,Yes,16000000000,3.165,2.31,36922578700,16000009200,15995815500,3528025000,1844000000,10623790500,22.055924563521003,11.528014936156271,66.41606050032273,100.0,2018
912810SE9,2019-01-10,2019-01-15,2048-11-15,Bond,29-Year 10-Month,30-Year,No,Yes,16000000000,3.035,2.19,35059319200,16000003500,15992784300,4275503000,2550100000,9167181300,26.733950260305832,15.945316038558714,57.32073370113545,100.0,2019
912810SF6,2019-02-07,2019-02-15,2049-02-15,Bond,30-Year,30-Year,No,No,19000000000,3.022,2.27,47632318400,23575631600,18992283200,5060310000,3229100000,10702873200,26.64403192976819,17.002168543906297,56.35379952632551,100.0,2019
912810SF6,2019-03-13,2019-03-15,2049-02-15,Bond,29-Year 11-Month,30-Year,No,Yes,16000000000,3.014,2.25,36056246900,16000010200,15997798300,4501463000,2248300000,9248035300,28.138015716825233,14.053808891939836,57.80817539123493,100.0,2019
912810SF6,2019-04-11,2019-04-15,2049-02-15,Bond,29-Year 10-Month,30-Year,No,Yes,16000000000,2.93,2.25,36020719900,16002247400,15997217500,4021640000,2303362500,9672215000,25.139621937377548,14.39851961755224,60.46185844507021,100.0,2019
912810SH2,2019-05-09,2019-05-15,2049-05-15,Bond,30-Year,30-Year,No,No,19000000000,2.892,2.2,48279918900,25472499400,18992200500,5418212500,2086200000,11487788000,28.528618892792334,10.984509141002382,60.486871966205285,100.0,2019
912810SH2,2019-06-13,2019-06-17,2049-05-15,Bond,29-Year 11-Month,30-Year,No,Yes,16000000000,2.607,2.32,37059601400,16000010400,15990054000,3850657000,2421200000,9718197000,24.081575959655922,15.141912591414638,60.77651144892944,100.0,2019
912810SH2,2019-07-11,2019-07-15,2049-05-15,Bond,29-Year 10-Month,30-Year,No,Yes,16000000000,2.644,2.13,34203462700,16136224700,15992757000,5314762000,2683300000,7994695000,33.23230634968067,16.7782202905978,49.98947335972153,100.0,2019
912810SJ8,2019-08-08,2019-08-15,2049-08-15,Bond,30-Year,30-Year,No,No,19000000000,2.335,2.24,54920389000,31398523000,18991314000,4965230000,2377884000,11648200000,26.144741748780522,12.520902977013597,61.33435527420588,100.0,2019
912810SJ8,2019-09-12,2019-09-16,2049-08-15,Bond,29-Year 11-Month,30-Year,No,Yes,16000000000,2.27,2.22,35542451200,16000014000,15981862800,4216078000,2126700000,9639084800,26.380391652467445,13.306959436543279,60.312648910989274,100.0,2019
912810SJ8,2019-10-10,2019-10-15,2049-08-15,Bond,29-Year 10-Month,30-Year,No,Yes,16000000000,2.17,2.25,35926506300,16000019200,15997302900,3669756500,2965600000,9361946400,22.93984506600797,18.53812494854992,58.52202998544211,100.0,2019
912810SK5,2019-11-07,2019-11-15,2049-11-15,Bond,30-Year,30-Year,No,No,19000000000,2.43,2.23,51415791000,27996676000,18985715000,3935722500,3888700000,11161292500,20.72991456998064,20.48224151684569,58.78784391317367,100.0,2019
912810SK5,2019-12-12,2019-12-16,2049-11-15,Bond,29-Year 11-Month,30-Year,No,Yes,16000000000,2.307,2.46,39280156300,16000006300,15994580000,2473550000,3375600000,10145430000,15.464926243765076,21.104649199916473,63.43042455631845,100.0,2019
912810SK5,2020-01-09,2020-01-15,2049-11-15,Bond,29-Year 10-Month,30-Year,No,Yes,16000000000,2.341,2.54,41182084200,16511946200,15983332000,3050475000,2858734300,10074122700,19.085350914314986,17.885721825711936,63.028927259973074,100.0,2020
912810SL3,2020-02-13,2020-02-18,2050-02-15,Bond,30-Year,30-Year,No,No,19000000000,2.061,2.43,54585933700,27449872500,18996908800,3623475000,3687700000,11685733800,19.074024295994935,19.412105615835774,61.51387008816929,100.0,2020
912810SL3,2020-03-12,2020-03-16,2050-02-15,Bond,29-Year 11-Month,30-Year,No,Yes,16000000000,1.32,2.36,37747570000,16015385200,15997570200,3452000000,1420000000,11125570200,21.578276931080445,8.87634798439578,69.54537508452377,100.0,2020
912810SL3,2020-04-08,2020-04-15,2050-02-15,Bond,29-Year 10-Month,30-Year,No,Yes,17000000000,1.325,2.35,40038822200,17055977200,16996500700,3842205000,1862000000,11292295700,22.605859098985004,10.955196206946292,66.43894469406871,100.0,2020
912810SN9,2020-05-13,2020-05-15,2050-05-15,Bond,30-Year,30-Year,No,No,22000000000,1.342,2.3,62265177800,33634677800,21993520000,4701400000,2845200000,14446920000,21.376296290907504,12.93653767109585,65.68716603799665,100.0,2020
912810SN9,2020-06-11,2020-06-15,2050-05-15,Bond,29-Year 11-Month,30-Year,No,Yes,19000000000,1.45,2.3,43985465300,19270143500,18999108200,4663961200,2517400000,11817747000,24.548316430978588,13.250095601855671,62.20158796716574,100.0,2020
912810SN9,2020-07-09,2020-07-15,2050-05-15,Bond,29-Year 10-Month,30-Year,No,Yes,19000000000,1.33,2.5,49165646600,20666899600,18997073000,3314976600,1995000000,13687096400,17.44993347133003,10.501617801858213,72.04844872681176,100.0,2020
912810SP4,2020-08-13,2020-08-17,2050-08-15,Bond,30-Year,30-Year,No,No,26000000000,1.406,2.14,71005146800,41463586800,25991895000,7354440000,3086400000,15551055000,28.295128154372737,11.874470868707341,59.83040097691992,100.0,2020
912810SP4,2020-09-10,2020-09-15,2050-08-15,Bond,29-Year 11-Month,30-Year,No,Yes,23000000000,1.473,2.31,54020234700,23945568700,22993399000,4902284000,3698000000,14393115000,21.320397214870233,16.08287665516525,62.596726129964516,100.0,2020
912810SP4,2020-10-08,2020-10-15,2050-08-15,Bond,29-Year 10-Month,30-Year,No,Yes,23000000000,1.578,2.29,53262282500,23643373500,22996151800,5291921000,3443400000,14260830800,23.012202415536326,14.973809661493016,62.01398792297066,100.0,2020
912810SS8,2020-11-12,2020-11-16,2050-11-15,Bond,30-Year,30-Year,No,No,27000000000,1.68,2.29,69279416600,34403465600,26986999000,5817878000,4463300000,16705821000,21.558076909551893,16.53870443319763,61.90321865725048,100.0,2020
912810SS8,2020-12-10,2020-12-15,2050-11-15,Bond,29-Year 11-Month,30-Year,No,Yes,24000000000,1.665,2.48,60564031900,25022244200,23997277300,4166000000,4024034400,15807242900,17.360302787349962,16.7687123405454,65.87098487210464,100.0,2020
912810SS8,2021-01-13,2021-01-15,2050-11-15,Bond,29-Year 10-Month,30-Year,No,Yes,24000000000,1.825,2.47,61740735700,26412625300,23996512600,3396744500,4128017500,16471750600,14.155158945887829,17.20257259381932,68.64226846029285,100.0,2021
912810SU3,2021-02-11,2021-02-16,2051-02-15,Bond,30-Year,30-Year,No,No,27000000000,1.933,2.18,68555872200,36795047400,26989315200,5992955200,4679620000,16316740000,22.204917596427197,17.338787462084255,60.45629494148855,100.0,2021
912810SU3,2021-03-11,2021-03-15,2051-02-15,Bond,29-Year 11-Month,30-Year,No,Yes,24000000000,2.295,2.28,56294711400,25487401400,23994280000,4609756000,4855700000,14528824000,19.21189550176125,20.236906462706944,60.551198035531804,100.0,2021
912810SU3,2021-04-13,2021-04-15,2051-02-15,Bond,29-Year 10-Month,30-Year,No,Yes,24000000000,2.32,2.47,62863089400,27684435400,23993018000,4101400000,5265970000,14625648000,17.094139636789336,21.94792668433792,60.95793367887275,100.0,2021
912810SX7,2021-05-13,2021-05-17,2051-05-15,Bond,30-Year,30-Year,No,No,27000000000,2.395,2.22,74235135100,41323641800,26989331700,5411506700,5415300000,16162525000,20.050539821258337,20.064594633886397,59.884865544855266,100.0,2021
912810SX7,2021-06-10,2021-06-15,2051-05-15,Bond,29-Year 11-Month,30-Year,No,Yes,24000000000,2.172,2.29,57134638200,26206402700,23996814500,4313726500,4316700000,15366388000,17.976246388869654,17.988637616880357,64.03511599424999,100.0,2021
912810SX7,2021-07-13,2021-07-15,2051-05-15,Bond,29-Year 10-Month,30-Year,No,Yes,24000000000,2.0,2.19,56584152700,27950950000,23998547300,5347580800,3989841500,14661125000,22.282935434179386,16.625345901666307,61.09171866415431,100.0,2021
912810SZ2,2021-08-12,2021-08-16,2051-08-15,Bond,30-Year,30-Year,No,No,27000000000,2.04,2.21,71671752900,39045825200,26997292300,4953777300,5668600000,16374915000,18.349163482591177,20.996920494874963,60.653916022533856,100.0,2021
912810SZ2,2021-09-09,2021-09-15,2051-08-15,Bond,29-Year 11-Month,30-Year,No,Yes,24000000000,1.91,2.49,62215518700,26555612000,23998388300,3139591000,4139313800,16719483500,13.082507711569948,17.248299128487723,69.66919315994232,100.0,2021
912810SZ2,2021-10-13,2021-10-15,2051-08-15,Bond,29-Year 10-Month,30-Year,No,Yes,24000000000,2.049,2.36,58433943600,25805823000,23996214400,2948000000,4120000000,16928214400,12.285271130099588,17.16937484939291,70.5453540205075,100.0,2021
912810TB4,2021-11-10,2021-11-15,2051-11-15,Bond,30-Year,30-Year,No,No,25000000000,1.94,2.2,69521751700,39461425700,24996054000,6305384000,3943890000,14746780000,25.225517595697305,15.778050407476316,58.99643199682638,100.0,2021
912810TB4,2021-12-09,2021-12-15,2051-11-15,Bond,29-Year 11-Month,30-Year,No,Yes,22000000000,1.895,2.22,52062449100,25244019100,21997290000,4555785000,4066785000,13374720000,20.710664813711144,18.487663707665806,60.80167147862305,100.0,2021
912810TB4,2022-01-13,2022-01-18,2051-11-15,Bond,29-Year 10-Month,30-Year,No,Yes,22000000000,2.075,2.35,55327474400,25529881900,21997657500,3948099500,3756281500,14293276500,17.9478178528782,17.07582500545797,64.97635714166384,100.0,2022
912810TD0,2022-02-10,2022-02-15,2052-02-15,Bond,30-Year,30-Year,No,No,23000000000,2.34,2.3,66852603700,36914133100,22996924400,3287463000,4082150000,15627311400,14.295228974184043,17.750851935661448,67.95391909015451,100.0,2022
912810TD0,2022-03-10,2022-03-15,2052-02-15,Bond,29-Year 11-Month,30-Year,No,Yes,20000000000,2.375,2.46,52518043500,23360394000,19995810500,2411321000,3284127400,14300362100,12.059131086484342,16.424077433620408,71.51679147989525,100.0,2022
912810TD0,2022-04-13,2022-04-18,2052-02-15,Bond,29-Year 10-Month,30-Year,No,Yes,20000000000,2.815,2.3,50773558800,24770919400,19995400600,3172481000,3780900000,13042019600,15.866053716373154,18.90884846788216,65.22509781574469,100.0,2022
912810TG3,2022-05-12,2022-05-16,2052-05-15,Bond,30-Year,30-Year,No,No,22000000000,2.997,2.38,67799076100,37396398800,21985717700,3021000000,3648842700,15315875000,13.740738606863856,16.596422958710146,69.662838434426,100.0,2022
912810TG3,2022-06-09,2022-06-15,2052-05-15,Bond,29-Year 11-Month,30-Year,No,Yes,19000000000,3.185,2.35,45786984100,20117204100,18995835000,2675000000,3209450000,13111385000,14.082034298571239,16.895545786747462,69.0224199146813,100.0,2022
912810TG3,2022-07-13,2022-07-15,2052-05-15,Bond,29-Year 10-Month,30-Year,No,Yes,19000000000,3.115,2.44,48701153200,21421698300,18997865100,1988000000,3103450000,13906415100,10.464333700316674,16.335782908575343,73.19988339110799,100.0,2022
912810TJ7,2022-08-11,2022-08-15,2052-08-15,Bond,30-Year,30-Year,No,No,21000000000,3.106,2.31,61794358900,34282158900,20991551000,2275000000,3886400000,14830151000,10.837693698764802,18.51411551247452,70.64819078876067,100.0,2022
912810TJ7,2022-09-13,2022-09-15,2052-08-15,Bond,29-Year 11-Month,30-Year,No,Yes,18000000000,3.511,2.42,43534751400,18000009800,17996633400,1952911900,3070100000,12973621500,10.8515401552826,17.059301769185343,72.08915807553205,100.0,2022
912810TJ7,2022-10-13,2022-10-17,2052-08-15,Bond,29-Year 10-Month,30-Year,No,Yes,18000000000,3.93,2.39,42950711400,18000001400,17990969000,2198950000,3355600000,12436419000,12.222521199386204,18.651580134455237,69.12589866615856,100.0,2022
912810TL2,2022-11-10,2022-11-15,2052-11-15,Bond,30-Year,30-Year,No,No,21000000000,4.08,2.42,58229180100,28364253300,20964791200,2030932000,4273800000,14660059200,9.687346659574649,20.38560727473403,69.92704606569131,100.0,2022
912810TL2,2022-12-13,2022-12-15,2052-11-15,Bond,29-Year 11-Month,30-Year,No,Yes,18000000000,3.513,2.25,40474162200,18000021400,17977779200,2756104000,4153400000,11068275200,15.330614361978592,23.102964797787706,61.566420840233704,100.0,2022
912810TL2,2023-01-12,2023-01-17,2052-11-15,Bond,29-Year 10-Month,30-Year,No,Yes,18000000000,3.585,2.45,44109278700,18000040700,17986672000,1626132000,2937600000,13422940000,9.04076084780998,16.33209300753358,74.62714614465645,100.0,2023
912810TN8,2023-02-09,2023-02-15,2053-02-15,Bond,30-Year,30-Year,No,No,21000000000,3.686,2.25,55388910300,29206565300,20982385000,3324655000,3974400000,13683330000,15.844981397491276,18.941602682440532,65.21341592006819,100.0,2023
912810TN8,2023-03-09,2023-03-15,2053-02-15,Bond,29-Year 11-Month,30-Year,No,Yes,18000000000,3.877,2.35,42322670000,18000000000,17995635000,1700330000,3569500000,12725805000,9.448569055773802,19.83536563172125,70.71606531250495,100.0,2023
912810TN8,2023-04-13,2023-04-17,2053-02-15,Bond,29-Year 10-Month,30-Year,No,Yes,18000000000,3.661,2.36,43609012000,19150871600,17979393200,1993095000,3559400000,12426898200,11.085440859038558,19.797108614321868,69.11745052663957,100.0,2023
912810TR9,2023-05-11,2023-05-15,2053-05-15,Bond,30-Year,30-Year,No,No,21000000000,3.741,2.43,56668130900,26721295900,20971305000,2141000000,3639800000,15190505000,10.209188221715339,17.356096818962865,72.4347149593218,100.0,2023
912810TR9,2023-06-13,2023-06-15,2053-05-15,Bond,29-Year 11-Month,30-Year,No,Yes,18000000000,3.908,2.52,45388518500,18000018100,17994584600,1611487500,3263012100,13120085000,8.955402615962582,18.133300504197248,72.91129687984017,100.0,2023
912810TR9,2023-07-13,2023-07-17,2053-05-15,Bond,29-Year 10-Month,30-Year,No,Yes,18000000000,3.91,2.43,43784382300,18000002300,17983945000,1951620000,3620700000,12411625000,10.852012725795147,20.13295747957414,69.0150297946307,100.0,2023
912810TT5,2023-08-10,2023-08-15,2053-08-15,Bond,30-Year,30-Year,No,No,23000000000,4.189,2.42,64210053900,31604606400,22955401500,2875537500,4509000000,15570864000,12.526626903040663,19.642435790112405,67.83093730684693,100.0,2023
912810TT5,2023-09-13,2023-09-15,2053-08-15,Bond,29-Year 11-Month,30-Year,No,Yes,20000000000,4.345,2.46,49220636500,20000007500,19984111000,3152900000,3944100000,12887111000,15.77703406471271,19.73617940773047,64.48678652755682,100.0,2023
912810TT5,2023-10-12,2023-10-16,2053-08-15,Bond,29-Year 10-Month,30-Year,No,Yes,20000000000,4.837,2.35,46974932800,20000002800,19968020000,3628070000,3335700000,13004250000,18.16940287519744,16.70521163340181,65.12538549140075,100.0,2023
912810TV0,2023-11-09,2023-11-15,2053-11-15,Bond,30-Year,30-Year,No,No,24000000000,4.769,2.24,54124792400,24456732400,23910420000,5912940000,3625500000,14371980000,24.729553056784447,15.162845320157487,60.107601623058066,100.0,2023
912810TV0,2023-12-12,2023-12-15,2053-11-15,Bond,29-Year 11-Month,30-Year,No,Yes,21000000000,4.344,2.43,51011239500,21000002000,20933494500,2978000000,3621800000,14333694500,14.226005123033806,17.301459151982485,68.47253572498371,100.0,2023
912810TV0,2024-01-11,2024-01-16,2053-11-15,Bond,29-Year 10-Month,30-Year,No,Yes,21000000000,4.229,2.37,49716151100,21000006300,20966180200,3044118000,3712937200,14209125000,14.519182659700693,17.70917336673468,67.77164397356462,100.0,2024
912810TX6,2024-02-08,2024-02-15,2054-02-15,Bond,30-Year,30-Year,No,No,25000000000,4.36,2.4,61864043800,26848948800,24949794000,3695172500,3616300000,17638321500,14.810432903774677,14.494308049196718,70.6952590470286,100.0,2024
912810TX6,2024-03-13,2024-03-15,2054-02-15,Bond,29-Year 11-Month,30-Year,No,Yes,22000000000,4.331,2.47,54389353700,22000030500,21970196800,3061000000,3685400000,15223796800,13.932510609099323,16.77454250204987,69.2929468888508,100.0,2024
912810TX6,2024-04-11,2024-04-15,2054-02-15,Bond,29-Year 10-Month,30-Year,No,Yes,22000000000,4.671,2.37,52434584500,22362826900,21977492400,3810907900,4016900000,14149684500,17.34004876734709,18.2773354070185,64.38261582563442,100.0,2024
912810UA4,2024-05-09,2024-05-15,2054-05-15,Bond,30-Year,30-Year,No,No,25000000000,4.635,2.41,63360051000,28142249900,24970545000,3834450000,4939600000,16196495000,15.355892312322379,19.78170680695996,64.86240088071766,100.0,2024
912810UA4,2024-06-13,2024-06-17,2054-05-15,Bond,29-Year 11-Month,30-Year,No,Yes,22000000000,4.403,2.49,55394262000,22711606600,21967151800,3009118500,3910900000,15047133300,13.698264241976059,17.80340043901367,68.49833531901027,100.0,2024
912810UA4,2024-07-11,2024-07-15,2054-05-15,Bond,29-Year 10-Month,30-Year,No,Yes,22000000000,4.405,2.3,54158192800,25574432800,21966950000,3487264000,5132500000,13347186000,15.87504865263498,23.364645524299004,60.76030582306601,100.0,2024
912810UC0,2024-08-08,2024-08-15,2054-08-15,Bond,30-Year,30-Year,No,No,25000000000,4.314,2.31,62379781500,29754413000,24941455500,4784470000,3865900000,16291085500,19.182801901837685,15.499897349615383,65.31730074854693,100.0,2024
912810UC0,2024-09-12,2024-09-16,2054-08-15,Bond,29-Year 11-Month,30-Year,No,Yes,22000000000,4.015,2.38,52478010700,22210237900,21968992200,3440060800,3439700000,15089231400,15.65871009777135,15.657067783018285,68.68422211921036,100.0,2024
912810UC0,2024-10-10,2024-10-15,2054-08-15,Bond,29-Year 10-Month,30-Year,No,Yes,22000000000,4.389,2.5,55201874700,22301948200,21973803500,2671673500,1619100000,17683030000,12.158448126652265,7.368319280728983,80.47323259261876,100.0,2024
912810UE6,2024-11-06,2024-11-15,2054-11-15,Bond,30-Year,30-Year,No,No,25000000000,4.608,2.64,72118494200,31075745000,24945620800,2540000000,6756644800,15648976000,10.182147882244726,27.085494701338522,62.732357416416754,100.0,2024
912810UE6,2024-12-12,2024-12-16,2054-11-15,Bond,29-Year 11-Month,30-Year,No,Yes,22000000000,4.535,2.39,52746240100,22157590100,21974300000,3158760000,4196900000,14618640000,14.374792371088043,19.09912943757025,66.52607819134171,100.0,2024
912810UE6,2025-01-08,2025-01-15,2054-11-15,Bond,29-Year 10-Month,30-Year,No,Yes,22000000000,4.913,2.52,60248530400,26834248000,21966493600,2780512000,4549750000,14636231600,12.657969226367562,20.71222691636138,66.62980385727106,100.0,2025
912810UG1,2025-02-13,2025-02-18,2055-02-15,Bond,30-Year,30-Year,No,No,25000000000,4.748,2.33,65078691300,31867850600,24956496300,4078779300,4636400000,16241317000,16.3435574087377,18.57792834485344,65.07851424640886,100.0,2025
912810UG1,2025-03-13,2025-03-17,2055-02-15,Bond,29-Year 11-Month,30-Year,No,Yes,22000000000,4.623,2.37,52435729000,22372924000,21959626000,3709140000,4974800000,13275686000,16.89072482381986,22.654302035927206,60.45497314025293,100.0,2025
912810UG1,2025-04-10,2025-04-15,2055-02-15,Bond,29-Year 10-Month,30-Year,No,Yes,22000000000,4.813,2.43,57239405200,25672036400,21962662700,2700788000,5671321700,13590553000,12.297179248670973,25.822559757292087,61.88026099403694,100.0,2025
912810UK2,2025-05-08,2025-05-15,2055-05-15,Bond,30-Year,30-Year,No,No,25000000000,4.819,2.31,66684140300,33824847300,24916150000,3467657500,6778900000,14669592500,13.917308653222909,27.20685178087305,58.875839565904045,100.0,2025
912810UK2,2025-06-12,2025-06-16,2055-05-15,Bond,29-Year 11-Month,30-Year,No,Yes,22000000000,4.844,2.43,53845537700,22395657700,21965397000,2507004000,5145200000,14313193000,11.41342448761568,23.424115667019358,65.16245984536496,100.0,2025
912810UK2,2025-07-10,2025-07-15,2055-05-15,Bond,29-Year 10-Month,30-Year,No,Yes,22000000000,4.889,2.38,55034067400,24603117400,21973765000,2816850000,6019900000,13137015000,12.81915047330305,27.395851370941667,59.78499815575528,100.0,2025
912810UM8,2025-08-07,2025-08-15,2055-08-15,Bond,30-Year,30-Year,No,No,25000000000,4.813,2.27,65142374300,33484349300,24960862000,4356975000,5747800000,14856087000,17.455226506199985,23.02724961982483,59.517523873975186,100.0,2025
912810UM8,2025-09-11,2025-09-15,2055-08-15,Bond,29-Year 11-Month,30-Year,No,Yes,22000000000,4.651,2.38,52282049200,22000000200,21956149000,2185951000,6150500000,13619698000,9.955985450818357,28.012653767288608,62.031360781893035,100.0,2025
912810UM8,2025-10-09,2025-10-15,2055-08-15,Bond,29-Year 10-Month,30-Year,No,Yes,22000000000,4.734,2.38,52821904200,22408408700,21956457500,1901737000,5898400000,14156320500,8.661401776675495,26.86407859737847,64.47451962594603,100.0,2025
912810UP1,2025-11-13,2025-11-17,2055-11-15,Bond,30-Year,30-Year,No,No,25000000000,4.694,2.29,61264176900,28893800900,24946422000,3619824000,3617560000,17709038000,14.5103935145489,14.501318064770972,70.98828842068014,100.0,2025
912810UP1,2025-12-11,2025-12-15,2055-11-15,Bond,29-Year 11-Month,30-Year,No,Yes,22000000000,4.773,2.36,52027373100,22000005100,21946790000,2449552000,5148080000,14349158000,11.16132245307856,23.45709782615134,65.3815797207701,100.0,2025
912810UP1,2026-01-13,2026-01-15,2055-11-15,Bond,29-Year 10-Month,30-Year,No,Yes,22000000000,4.825,2.42,59610053800,28403689800,21968003900,2625470000,4674100000,14668433900,11.951336188537367,21.276853469604493,66.77181034185814,100.0,2026
912810UR7,2026-02-12,2026-02-17,2056-02-15,Bond,30-Year,30-Year,No,No,25000000000,4.75,2.66,73634972100,32083920100,24961985000,1468440000,6035250000,17458295000,5.8827052415903625,24.17776470901653,69.93953004939311,100.0,2026
912810UR7,2026-03-12,2026-03-16,2056-02-15,Bond,29-Year 11-Month,30-Year,No,Yes,22000000000,4.871,2.45,53950157500,22005667500,21969517000,2056000000,5981890000,13931627000,9.358421489193413,27.228136148828398,63.41344236197819,100.0,2026
912810UR7,2026-04-09,2026-04-15,2056-02-15,Bond,29-Year 10-Month,30-Year,No,Yes,22000000000,4.876,2.39,56380339000,25901386200,21973237800,2554092000,5324955200,14094190600,11.623648837041213,24.233821380661524,64.14252978229726,100.0,2026
912810UU0,2026-05-13,2026-05-15,2056-05-15,Bond,30-Year,30-Year,No,No,25000000000,5.046,2.3,63503086900,30936165500,24937681600,2907060000,5420900000,16609721600,11.65729856780271,21.73778656312622,66.60491486907107,100.0,2026
912810UU0,2026-06-11,2026-06-15,2056-05-15,Bond,29-Year 11-Month,30-Year,No,Yes,22000000000,5.02,2.33,51219852800,22000022800,21959443000,3237630000,5557100000,13164713000,14.743679974032128,25.30619742950675,59.95012259646112,100.0,2026
912810UU0,2026-07-09,2026-07-15,2056-05-15,Bond,29-Year 10-Month,30-Year,No,Yes,22000000000,5.058,2.44,56054172900,24287893700,21951364800,2206260000,2679847800,17065257000,10.050673477942475,12.208114731891294,77.74121179016623,100.0,2026
912810UW6,2026-08-13,2026-08-17,2056-08-15,Bond,30-Year,30-Year,No,No,25000000000,5.216,2.39,66124528800,31323533800,24904608000,2866735000,5390150000,16647723000,11.51086176501955,21.643183462273328,66.84595477270712,100.0,2026
912810UW6,2026-09-10,2026-09-15,2056-08-15,Bond,29-Year 11-Month,30-Year,No,Yes,22000000000,5.308,2.61,57466872500,22000024000,21957470500,484800000,4019900000,17452770500,2.207904594475033,18.307664355054012,79.48443105047096,100.0,2026
