number_1,number_2,frequency
2,15,30
5,49,30
8,17,29
25,28,28
15,40,28
22,36,27
27,44,26
21,27,26
21,30,26
4,15,26
14,28,26
1,41,26
8,11,25
5,30,25
21,35,25
2,19,24
9,15,24
10,15,24
2,36,24
18,49,24
7,30,24
1,15,24
40,49,24
22,32,24
6,37,24
12,15,24
8,46,24
15,35,24
22,40,24
9,40,23
11,21,23
5,44,23
12,46,23
24,46,23
23,49,23
11,46,23
14,36,23
24,37,23
1,48,23
22,31,23
1,40,23
11,22,23
18,35,23
28,46,23
30,32,23
25,29,23
12,47,22
43,48,22
4,31,22
9,44,22
34,40,22
5,28,22
5,38,22
19,26,22
26,46,22
32,38,22
38,40,22
2,29,22
9,23,22
9,27,22
15,17,22
5,9,22
28,44,22
10,32,22
10,44,22
1,4,22
4,47,22
18,48,22
22,37,22
6,40,22
8,10,22
15,32,22
12,30,22
3,32,22
28,37,22
6,35,22
35,46,22
39,46,22
7,32,22
26,34,22
28,38,22
6,26,22
11,28,21
25,34,21
28,48,21
4,40,21
4,44,21
40,47,21
19,33,21
10,46,21
9,28,21
1,7,21
17,40,21
21,39,21
19,37,21
22,35,21
27,34,21
30,46,21
36,46,21
15,22,21
15,31,21
18,24,21
24,26,21
7,35,21
14,23,21
23,40,21
30,39,21
40,43,21
31,46,21
35,49,21
30,48,21
34,46,21
9,46,21
3,12,21
8,15,21
36,44,21
14,35,21
32,49,21
15,30,21
2,35,21
28,31,20
20,27,20
38,44,20
19,46,20
31,38,20
32,40,20
22,24,20
22,46,20
3,19,20
25,36,20
6,36,20
20,36,20
28,49,20
1,45,20
6,45,20
10,37,20
33,37,20
5,12,20
5,46,20
9,11,20
1,24,20
4,48,20
48,49,20
1,35,20
34,38,20
3,9,20
23,24,20
8,48,20
10,45,20
4,22,20
4,32,20
13,26,20
2,17,20
12,35,20
5,23,20
22,29,20
3,18,20
24,43,20
9,36,20
27,36,20
14,30,20
8,43,20
20,21,20
36,41,20
20,49,20
13,16,20
27,48,20
4,13,20
10,49,20
8,12,20
19,23,20
5,48,20
1,3,20
8,35,20
30,35,20
8,28,20
8,16,20
25,40,20
10,39,20
36,40,20
36,49,20
40,48,20
16,24,20
14,17,20
1,39,20
23,42,20
4,12,20
15,48,20
25,44,20
31,43,19
31,48,19
40,44,19
11,17,19
22,34,19
12,26,19
38,47,19
24,47,19
2,33,19
9,17,19
9,49,19
4,43,19
18,44,19
44,49,19
1,30,19
19,40,19
33,40,19
16,22,19
32,44,19
15,42,19
1,44,19
1,18,19
4,18,19
7,15,19
32,48,19
21,25,19
12,32,19
17,22,19
2,28,19
13,28,19
7,12,19
24,44,19
15,47,19
3,38,19
14,40,19
12,21,19
3,48,19
1,28,19
14,31,19
6,17,19
11,36,19
8,24,19
17,32,19
8,19,19
17,48,19
35,41,19
20,31,19
29,36,19
3,41,19
22,49,19
3,34,19
17,46,19
4,24,19
13,37,19
24,34,19
8,34,19
23,48,19
1,10,19
1,32,19
3,40,19
34,43,19
24,49,19
21,40,19
2,12,19
22,43,19
15,16,19
16,20,19
39,43,19
11,26,19
3,39,19
44,48,19
2,8,19
15,43,19
21,44,19
10,16,19
28,43,18
9,34,18
31,40,18
31,44,18
11,49,18
5,27,18
31,32,18
31,39,18
32,47,18
22,47,18
15,23,18
27,49,18
10,11,18
11,15,18
19,36,18
6,20,18
6,43,18
5,18,18
9,18,18
6,30,18
23,30,18
10,24,18
28,39,18
33,38,18
5,16,18
1,42,18
15,24,18
35,37,18
15,38,18
32,41,18
5,40,18
26,47,18
30,36,18
8,20,18
8,39,18
20,39,18
10,25,18
10,48,18
15,36,18
37,46,18
41,42,18
39,44,18
10,43,18
33,39,18
12,38,18
45,47,18
11,19,18
22,42,18
3,49,18
13,40,18
4,35,18
18,32,18
16,17,18
15,28,18
3,23,18
20,23,18
23,32,18
13,38,18
3,8,18
8,14,18
35,42,18
2,26,18
13,34,18
18,34,18
2,49,18
10,21,18
5,8,18
7,33,18
8,33,18
16,23,18
8,30,18
29,49,18
10,35,18
27,28,18
37,47,18
14,37,18
12,20,18
35,43,18
7,17,18
43,49,18
22,23,18
12,39,18
21,22,18
1,38,18
28,30,18
9,20,18
30,44,18
5,37,18
15,44,18
21,37,18
7,48,18
6,34,18
12,23,18
11,47,17
12,28,17
28,34,17
4,34,17
8,41,17
8,49,17
5,34,17
5,20,17
5,42,17
27,38,17
45,46,17
39,40,17
2,24,17
24,38,17
10,40,17
15,46,17
3,5,17
19,25,17
18,28,17
30,45,17
31,37,17
26,40,17
5,26,17
11,13,17
11,30,17
1,22,17
22,27,17
27,37,17
34,35,17
34,37,17
5,7,17
7,38,17
25,32,17
2,37,17
3,16,17
9,16,17
24,36,17
5,31,17
26,31,17
6,46,17
6,15,17
6,49,17
15,45,17
45,49,17
18,41,17
39,41,17
32,36,17
13,32,17
19,22,17
13,19,17
7,44,17
12,24,17
12,44,17
15,20,17
7,41,17
15,29,17
26,29,17
16,27,17
46,48,17
6,11,17
24,32,17
3,20,17
7,21,17
8,47,17
20,35,17
19,24,17
13,46,17
20,28,17
20,46,17
35,39,17
3,22,17
29,31,17
10,42,17
25,49,17
26,41,17
20,40,17
6,27,17
9,10,17
14,25,17
30,49,17
10,28,17
10,33,17
16,49,17
7,18,17
18,27,17
2,43,17
20,37,17
37,43,17
4,46,17
11,32,17
26,39,17
24,29,17
15,39,17
7,40,17
3,44,17
16,32,17
4,21,17
23,34,17
28,40,17
1,43,17
6,16,17
31,34,16
17,21,16
41,49,16
5,22,16
22,33,16
25,33,16
12,19,16
39,47,16
38,46,16
46,47,16
19,29,16
29,33,16
29,42,16
33,42,16
15,49,16
2,10,16
2,40,16
3,36,16
5,36,16
20,43,16
1,23,16
7,23,16
10,31,16
17,28,16
26,37,16
22,26,16
10,38,16
19,44,16
1,5,16
5,24,16
1,27,16
1,31,16
1,49,16
9,38,16
41,43,16
41,47,16
41,48,16
2,9,16
21,31,16
5,47,16
20,29,16
8,31,16
12,13,16
13,47,16
2,45,16
13,41,16
19,20,16
15,26,16
30,33,16
33,47,16
6,21,16
6,25,16
12,43,16
6,13,16
6,32,16
35,48,16
25,27,16
2,31,16
18,37,16
3,6,16
17,19,16
20,22,16
6,8,16
6,18,16
35,38,16
16,38,16
28,35,16
36,39,16
38,41,16
2,48,16
30,42,16
3,46,16
13,18,16
40,42,16
10,13,16
23,25,16
11,20,16
20,33,16
7,8,16
10,12,16
2,20,16
2,27,16
7,29,16
13,48,16
3,13,16
3,27,16
7,14,16
23,28,16
10,27,16
10,36,16
18,36,16
11,35,16
26,44,16
26,49,16
4,39,16
7,47,16
16,35,16
29,37,16
2,4,16
19,35,16
34,49,16
16,21,16
7,39,16
3,43,16
22,39,16
32,46,16
12,29,16
1,36,16
4,30,16
4,25,16
34,36,16
7,42,16
27,32,16
17,30,16
39,42,16
24,45,16
30,43,16
32,37,16
34,45,16
13,35,16
30,37,16
11,34,15
5,25,15
22,28,15
20,38,15
20,44,15
2,46,15
17,23,15
40,46,15
2,3,15
2,25,15
4,14,15
17,31,15
17,39,15
26,38,15
12,22,15
16,46,15
9,13,15
13,27,15
10,19,15
42,47,15
31,49,15
1,34,15
1,37,15
27,35,15
7,9,15
7,34,15
31,33,15
33,36,15
12,40,15
20,41,15
37,45,15
5,14,15
2,13,15
28,41,15
11,38,15
9,47,15
14,15,15
19,47,15
7,19,15
3,15,15
30,38,15
3,4,15
16,25,15
17,25,15
1,9,15
2,30,15
14,46,15
8,32,15
6,41,15
5,13,15
14,29,15
31,35,15
31,42,15
18,22,15
18,47,15
14,38,15
9,35,15
34,42,15
37,42,15
42,48,15
25,46,15
42,43,15
43,46,15
8,37,15
12,37,15
38,48,15
13,23,15
16,48,15
10,23,15
27,39,15
20,30,15
12,41,15
4,26,15
4,28,15
6,28,15
22,48,15
12,33,15
2,44,15
37,44,15
4,8,15
8,44,15
16,47,15
11,24,15
23,44,15
10,22,15
46,49,15
32,34,15
4,19,15
7,31,15
12,36,15
27,43,15
13,15,15
7,22,15
27,40,15
28,32,15
23,31,15
16,34,15
37,49,15
4,16,15
12,25,14
12,34,14
19,28,14
19,31,14
19,43,14
19,48,14
43,45,14
11,41,14
17,41,14
17,49,14
33,34,14
38,42,14
12,42,14
42,46,14
32,39,14
2,22,14
2,47,14
17,27,14
4,6,14
4,36,14
6,14,14
14,43,14
36,43,14
1,6,14
6,23,14
24,40,14
37,40,14
29,39,14
12,16,14
13,21,14
13,30,14
24,42,14
27,47,14
15,34,14
43,47,14
3,37,14
9,37,14
12,31,14
40,45,14
8,29,14
8,25,14
8,45,14
1,14,14
1,26,14
14,24,14
14,26,14
18,26,14
2,41,14
7,27,14
12,27,14
5,11,14
9,39,14
11,39,14
14,19,14
10,41,14
5,39,14
6,31,14
13,43,14
3,35,14
32,35,14
30,31,14
6,22,14
17,43,14
32,33,14
33,45,14
35,36,14
5,29,14
9,14,14
9,29,14
9,32,14
7,13,14
11,16,14
21,32,14
1,21,14
33,44,14
9,43,14
13,25,14
11,33,14
7,37,14
2,6,14
9,12,14
12,18,14
1,12,14
9,19,14
8,40,14
16,40,14
29,40,14
26,28,14
6,48,14
11,48,14
44,46,14
11,31,14
6,29,14
12,17,14
14,22,14
18,43,14
23,35,14
5,6,14
4,41,14
11,23,14
2,39,14
16,18,14
1,46,14
10,26,14
22,30,14
26,30,14
15,21,14
14,44,14
3,10,14
15,37,14
24,48,14
13,44,14
30,40,14
25,37,14
23,43,14
23,39,14
30,34,14
4,5,14
1,16,14
4,17,14
11,12,13
28,47,13
34,47,13
45,48,13
4,9,13
22,25,13
12,45,13
2,16,13
2,42,13
16,29,13
16,33,13
16,42,13
15,27,13
11,40,13
14,20,13
7,45,13
17,37,13
24,31,13
17,29,13
21,29,13
29,47,13
5,32,13
19,32,13
24,25,13
4,42,13
18,31,13
16,37,13
21,24,13
21,36,13
24,33,13
23,46,13
24,30,13
38,45,13
29,41,13
22,45,13
36,45,13
14,18,13
19,41,13
28,42,13
11,44,13
15,19,13
20,47,13
29,45,13
14,49,13
30,47,13
3,21,13
18,45,13
21,43,13
13,31,13
16,36,13
2,14,13
18,19,13
7,20,13
21,23,13
23,33,13
13,17,13
13,24,13
20,26,13
14,41,13
7,11,13
7,16,13
21,26,13
33,49,13
6,9,13
2,21,13
23,26,13
15,33,13
8,38,13
12,48,13
8,9,13
9,24,13
3,31,13
13,14,13
15,41,13
4,7,13
13,36,13
7,36,13
41,46,13
11,37,13
17,20,13
4,11,13
11,14,13
27,46,13
21,38,13
13,22,13
1,2,13
2,7,13
2,23,13
9,22,13
21,34,13
39,49,13
14,21,13
10,29,13
19,34,13
14,48,13
37,41,13
6,19,13
1,29,13
4,23,13
19,49,13
1,8,13
1,13,13
16,44,13
6,44,13
18,38,13
14,45,13
16,39,13
16,30,13
39,48,13
8,13,13
4,10,13
11,25,12
28,45,12
34,44,12
8,21,12
21,41,12
21,49,12
28,33,12
42,44,12
19,42,12
26,45,12
31,47,12
38,39,12
22,38,12
23,27,12
2,11,12
5,19,12
4,20,12
6,7,12
17,24,12
17,47,12
19,38,12
37,38,12
16,26,12
9,21,12
9,30,12
11,27,12
5,15,12
15,25,12
25,42,12
25,41,12
25,43,12
25,48,12
31,36,12
6,24,12
38,49,12
18,39,12
26,32,12
17,45,12
24,27,12
35,44,12
14,47,12
3,29,12
42,49,12
9,25,12
9,45,12
23,41,12
33,41,12
22,41,12
14,32,12
29,32,12
7,46,12
9,48,12
21,48,12
26,27,12
27,29,12
29,48,12
3,47,12
14,39,12
36,38,12
10,30,12
3,17,12
3,28,12
4,37,12
18,23,12
25,26,12
34,48,12
27,41,12
1,20,12
7,26,12
26,36,12
10,18,12
36,48,12
2,34,12
6,33,12
10,20,12
17,35,12
23,38,12
5,45,12
14,16,12
3,30,12
8,36,12
1,33,12
6,39,12
31,41,12
20,32,12
36,42,12
1,11,12
26,35,12
17,44,12
41,44,12
29,30,12
8,27,12
22,44,12
23,37,12
17,18,12
10,14,12
29,44,12
38,43,12
4,33,12
19,45,11
9,31,11
5,33,11
27,42,11
2,5,11
21,28,11
28,29,11
1,25,11
25,31,11
23,36,11
8,18,11
18,20,11
25,45,11
33,46,11
36,37,11
24,35,11
36,47,11
7,10,11
11,29,11
29,46,11
9,42,11
18,46,11
17,33,11
17,26,11
13,20,11
3,14,11
26,48,11
5,35,11
47,49,11
17,34,11
13,49,11
18,25,11
10,34,11
14,33,11
27,33,11
16,31,11
35,40,11
7,28,11
5,41,11
11,43,11
21,46,11
9,41,11
7,49,11
5,43,11
29,43,11
37,39,11
12,49,11
20,24,11
8,22,11
2,18,11
25,35,11
3,24,11
34,41,11
17,42,11
16,28,11
3,11,11
19,27,11
5,17,11
6,10,11
24,28,11
1,17,11
8,26,11
19,30,11
33,43,11
31,45,10
20,42,10
2,38,10
3,25,10
23,45,10
10,17,10
21,47,10
26,33,10
1,47,10
4,27,10
44,47,10
4,49,10
3,33,10
9,33,10
21,33,10
13,42,10
10,47,10
7,43,10
3,26,10
29,38,10
5,21,10
3,42,10
6,12,10
37,48,10
26,43,10
9,26,10
2,32,10
40,41,10
20,25,10
13,39,10
20,48,10
11,18,10
18,30,10
28,36,10
33,48,10
12,14,10
14,27,10
27,31,10
16,41,10
15,18,10
29,35,10
19,21,10
23,47,10
16,43,10
17,38,10
44,45,10
6,47,10
27,30,9
5,10,9
32,43,9
47,48,9
18,29,9
32,42,9
17,36,9
7,24,9
18,42,9
21,42,9
21,45,9
3,7,9
32,45,9
33,35,9
6,42,9
35,47,9
7,25,9
13,45,9
13,29,9
34,39,9
14,42,9
29,34,9
4,38,9
4,29,9
8,42,9
25,39,9
30,41,9
4,45,9
26,42,8
42,45,8
6,38,8
3,45,8
11,42,8
23,29,8
39,45,8
1,19,8
20,34,8
18,40,8
13,33,8
24,39,8
25,38,8
16,45,8
35,45,8
25,47,7
11,45,7
18,21,7
18,33,7
8,23,7
20,45,7
43,44,7
24,41,7
25,30,7
16,19,6
41,45,6
19,39,6
27,45,5
14,34,5
