draw_no,draw_date,pair_ticket,random_ticket,actual_numbers,pair_matches,random_matches
3195,08 Sep 2016,5-21-31-33-36-46,2-6-18-24-37-40,4-6-11-13-26-31,1,1
3196,12 Sep 2016,5-11-21-31-33-36,2-23-29-35-40-45,3-10-18-22-48-49,0,0
3197,15 Sep 2016,5-11-21-31-33-36,20-30-31-43-45-47,2-20-21-25-27-38,1,1
3198,19 Sep 2016,5-11-21-31-33-36,11-13-31-35-38-41,14-17-26-31-41-45,1,2
3199,22 Sep 2016,5-11-21-31-33-36,3-5-7-13-25-34,8-11-28-34-40-46,1,1
3200,26 Sep 2016,5-11-21-31-33-46,22-25-31-39-41-48,6-9-15-27-37-48,0,1
3201,29 Sep 2016,5-6-11-21-31-46,15-20-21-27-43-45,1-3-4-24-34-48,0,0
3202,03 Oct 2016,5-11-21-31-46-48,7-16-21-24-27-41,6-9-14-27-28-46,1,1
3203,06 Oct 2016,6-11-21-31-46-48,3-11-12-28-32-37,6-13-19-25-26-39,1,0
3204,10 Oct 2016,6-11-21-31-46-48,1-14-20-26-40-44,3-18-24-30-35-49,0,0
3205,13 Oct 2016,6-11-21-31-46-48,3-4-12-14-26-49,16-20-31-32-40-41,1,0
3206,17 Oct 2016,6-11-21-31-46-48,6-11-14-34-37-39,3-7-9-27-39-44,0,1
3207,20 Oct 2016,6-9-11-21-31-46,17-31-33-37-42-49,5-14-20-23-36-49,0,1
3208,24 Oct 2016,5-6-9-31-46-49,11-19-43-47-48-49,2-15-18-24-34-35,0,0
3209,27 Oct 2016,5-6-9-31-46-49,6-9-27-28-29-48,3-5-8-21-40-46,2,0
3210,31 Oct 2016,5-6-21-31-46-49,1-5-15-18-20-42,14-19-24-32-36-42,0,1
3211,03 Nov 2016,5-6-21-31-36-46,24-32-33-34-36-40,1-11-19-26-35-39,0,0
3212,07 Nov 2016,5-6-11-19-31-46,1-15-21-30-40-49,1-13-21-41-48-49,0,3
3213,10 Nov 2016,5-6-21-31-46-49,1-14-34-37-38-48,17-22-26-34-41-47,0,1
3214,14 Nov 2016,5-6-21-31-46-49,1-15-26-27-32-45,8-10-15-31-38-40,1,1
3215,17 Nov 2016,5-6-21-31-46-49,16-22-24-33-36-49,1-21-31-36-39-43,2,1
3216,21 Nov 2016,5-21-31-36-46-49,3-8-23-32-46-49,4-21-25-40-47-48,1,0
3217,24 Nov 2016,21-31-36-40-46-48,6-8-13-28-34-45,2-3-17-19-22-40,1,0
3218,28 Nov 2016,19-21-31-36-40-46,1-17-22-33-38-39,2-4-15-24-37-48,0,0
3219,01 Dec 2016,19-21-31-36-40-48,2-13-21-34-42-46,3-4-8-19-24-46,1,1
3220,05 Dec 2016,19-21-31-40-46-48,26-29-31-32-37-46,5-9-11-19-24-37,1,1
3221,08 Dec 2016,19-21-31-40-46-48,2-9-29-37-38-44,6-8-11-24-37-46,1,1
3222,12 Dec 2016,11-19-21-31-40-46,20-25-26-31-46-48,2-14-31-36-43-46,2,2
3223,15 Dec 2016,11-19-21-31-36-46,1-9-18-21-24-49,4-18-24-39-46-47,1,2
3224,19 Dec 2016,11-19-21-31-36-46,5-12-14-17-19-23,10-11-24-27-36-49,2,0
3225,22 Dec 2016,11-19-21-31-36-46,25-35-36-37-39-45,3-28-37-38-44-47,0,1
3226,26 Dec 2016,11-19-21-31-36-46,4-6-21-25-30-49,8-10-18-25-28-46,1,1
3227,29 Dec 2016,11-19-21-31-36-46,6-15-22-24-30-40,2-4-34-36-42-46,2,0
3228,02 Jan 2017,11-19-21-31-36-46,15-17-25-31-37-39,1-18-22-35-38-49,0,0
3229,05 Jan 2017,11-19-21-31-36-46,22-24-28-32-43-46,7-15-20-33-39-44,0,0
3230,09 Jan 2017,11-19-21-31-36-46,1-4-27-31-33-39,8-29-33-34-42-49,0,1
3231,12 Jan 2017,11-19-31-36-46-49,3-10-11-16-48-49,3-6-12-25-40-43,0,1
3232,16 Jan 2017,3-11-31-36-46-49,5-14-26-30-34-48,2-7-17-21-35-42,0,0
3233,19 Jan 2017,3-21-31-36-46-49,8-9-13-25-27-49,5-8-16-44-48-49,1,2
3234,23 Jan 2017,3-21-31-36-46-49,1-4-9-28-33-34,5-14-23-28-45-49,1,1
3235,26 Jan 2017,3-21-31-36-46-49,3-11-31-32-33-43,8-12-16-19-22-46,1,0
3236,30 Jan 2017,8-19-21-31-46-49,10-19-25-27-37-45,21-22-25-27-32-39,1,2
3237,02 Feb 2017,8-19-21-31-46-49,3-10-12-15-18-40,11-20-21-29-37-48,1,0
3238,06 Feb 2017,8-11-19-21-46-49,21-24-27-33-42-48,9-14-17-25-30-36,0,0
3239,10 Feb 2017,8-11-21-36-46-49,14-23-33-38-47-48,2-7-24-27-29-34,0,0
3240,13 Feb 2017,8-11-21-36-46-49,13-20-30-34-41-49,7-10-19-23-24-33,0,0
3241,16 Feb 2017,8-19-21-36-46-49,5-16-28-31-32-43,8-17-31-43-44-48,1,2
3242,20 Feb 2017,8-19-21-31-46-49,3-7-8-12-15-44,2-6-13-17-23-46,1,0
3243,23 Feb 2017,8-19-21-31-46-49,8-11-16-17-38-43,7-8-9-28-41-42,1,1
3244,27 Feb 2017,8-19-21-31-46-49,1-4-10-25-35-44,22-25-27-29-35-49,1,2
3245,02 Mar 2017,8-19-21-31-46-49,13-17-28-31-33-35,8-14-20-35-36-41,1,1
3246,06 Mar 2017,8-19-21-36-46-49,6-8-11-13-34-44,16-22-28-36-39-47,1,0
3247,09 Mar 2017,8-19-21-36-46-49,15-17-32-39-42-43,2-6-9-17-26-46,1,1
3248,13 Mar 2017,8-19-21-36-46-49,8-11-16-19-38-48,6-28-30-35-39-42,0,0
3249,16 Mar 2017,6-8-21-36-46-49,3-15-24-41-46-47,2-9-15-19-20-37,0,1
3250,20 Mar 2017,8-19-21-36-46-49,5-7-13-18-38-47,6-20-30-41-42-45,0,0
3251,23 Mar 2017,6-8-19-36-46-49,2-7-19-21-43-45,5-13-18-25-28-44,0,0
3252,27 Mar 2017,6-8-19-36-46-49,3-12-13-17-29-32,1-27-28-40-41-44,0,0
3253,30 Mar 2017,6-8-19-36-46-49,15-31-37-40-47-49,28-34-38-39-42-46,1,0
3254,03 Apr 2017,6-8-19-36-46-49,20-25-31-33-34-35,1-28-30-32-40-48,0,0
3255,06 Apr 2017,6-8-19-36-46-49,10-16-17-39-44-49,10-12-20-27-43-46,1,1
3256,10 Apr 2017,6-8-19-36-46-49,8-14-15-18-27-41,13-19-20-23-29-31,1,0
3257,13 Apr 2017,6-8-19-36-46-49,15-20-21-44-46-48,7-9-16-27-32-47,0,0
3258,17 Apr 2017,6-8-19-36-46-49,3-16-24-25-32-39,12-17-25-28-36-44,1,1
3259,20 Apr 2017,8-19-28-36-46-49,6-7-27-35-37-39,2-12-25-28-37-38,1,1
3260,24 Apr 2017,8-19-28-36-46-49,2-19-20-26-31-44,2-8-22-31-32-35,1,2
3261,27 Apr 2017,8-19-28-31-36-46,7-13-14-31-35-47,4-7-15-31-32-43,1,2
3262,01 May 2017,8-19-28-31-36-46,13-15-17-25-26-28,8-17-24-29-32-45,1,1
3263,04 May 2017,8-19-28-31-36-46,13-18-24-28-43-48,4-13-14-36-41-43,1,2
3264,08 May 2017,8-19-28-31-36-46,6-15-19-20-34-48,5-21-29-30-38-45,0,0
3265,11 May 2017,8-19-28-31-36-46,16-19-20-25-28-48,8-9-12-18-27-45,1,0
3266,15 May 2017,8-19-28-31-36-46,10-21-35-39-44-46,8-14-16-23-24-27,1,0
3267,18 May 2017,8-19-28-31-36-46,1-6-9-13-33-38,4-23-43-44-46-48,1,0
3268,22 May 2017,8-19-28-31-36-46,14-17-19-21-33-39,21-24-31-34-37-44,1,1
3269,25 May 2017,8-21-28-31-36-46,3-10-17-29-37-41,3-8-11-32-44-46,2,1
3270,29 May 2017,8-21-28-31-36-46,6-16-23-29-35-42,13-15-16-27-36-47,1,1
3271,01 Jun 2017,8-21-28-31-36-46,7-21-22-26-39-40,9-15-17-22-44-46,1,1
3272,05 Jun 2017,8-21-28-31-36-46,24-26-30-44-47-48,15-21-23-24-39-40,1,1
3273,08 Jun 2017,8-21-24-31-36-46,2-8-12-16-42-47,5-7-22-25-34-40,0,0
3274,12 Jun 2017,8-21-24-31-36-46,4-6-11-14-15-49,9-10-19-21-23-43,1,0
3275,15 Jun 2017,8-9-21-31-36-46,3-18-20-28-39-40,20-21-23-37-39-47,1,2
3276,19 Jun 2017,8-9-21-31-36-46,10-11-16-22-26-36,1-23-30-34-40-42,0,0
3277,22 Jun 2017,8-9-21-31-36-46,15-32-33-37-39-47,4-5-12-20-47-49,0,1
3278,26 Jun 2017,8-9-21-31-36-46,3-7-19-32-39-47,14-20-21-23-25-37,1,0
3279,29 Jun 2017,8-20-21-31-36-46,6-26-28-34-38-42,2-9-13-16-29-40,0,0
3280,03 Jul 2017,8-9-20-21-36-46,3-18-30-31-38-43,5-7-9-27-31-34,1,1
3281,06 Jul 2017,8-9-21-31-36-46,3-5-6-24-43-48,2-4-7-26-40-47,0,0
3282,10 Jul 2017,8-9-21-31-36-46,8-14-18-25-36-42,11-16-31-35-46-48,2,0
3283,13 Jul 2017,8-9-21-31-36-46,4-9-11-14-15-19,24-30-33-34-47-49,0,0
3284,17 Jul 2017,8-9-21-31-36-46,7-12-18-40-44-48,9-11-16-20-27-46,2,0
3285,20 Jul 2017,8-9-20-21-31-46,4-13-23-26-28-42,8-11-35-39-41-43,1,0
3286,24 Jul 2017,8-9-20-21-31-46,1-9-26-33-34-43,2-22-23-32-35-41,0,0
3287,27 Jul 2017,8-9-20-21-31-46,8-21-24-27-35-42,14-20-24-33-37-41,1,1
3288,31 Jul 2017,8-9-20-21-31-46,1-12-19-33-39-42,11-13-14-16-30-43,0,0
3289,03 Aug 2017,8-9-20-21-31-46,17-18-19-32-34-43,14-19-22-27-32-36,0,2
3290,07 Aug 2017,8-9-20-21-31-46,7-11-13-15-22-26,5-17-34-40-42-46,1,0
3291,10 Aug 2017,8-9-20-21-31-46,8-18-29-33-34-49,1-31-39-45-46-49,2,1
3292,14 Aug 2017,8-9-20-21-31-46,12-17-21-22-42-44,2-8-17-22-39-46,2,2
3293,17 Aug 2017,8-9-20-21-31-46,2-8-20-33-35-38,11-15-29-39-41-47,0,0
3294,21 Aug 2017,8-9-20-21-31-46,1-6-20-22-27-30,4-7-12-18-42-47,0,0
3295,24 Aug 2017,8-9-20-21-31-46,14-22-26-30-42-47,11-17-26-30-32-39,0,2
3296,28 Aug 2017,8-9-11-21-31-46,3-5-12-21-27-35,1-21-29-35-39-46,2,2
3297,31 Aug 2017,8-9-11-21-31-46,10-11-16-18-28-43,3-36-39-40-44-47,0,0
3298,04 Sep 2017,8-21-31-36-40-46,8-18-30-33-39-49,10-11-22-36-38-46,2,0
3299,07 Sep 2017,8-11-21-31-36-46,2-9-16-21-38-44,13-19-20-21-32-49,1,1
3300,11 Sep 2017,8-11-20-21-36-46,12-21-28-32-45-49,7-14-17-18-44-48,0,0
3301,14 Sep 2017,8-11-20-21-36-46,12-13-19-22-36-46,12-15-29-36-40-45,1,2
3302,18 Sep 2017,8-11-21-36-40-46,4-5-8-14-30-45,3-15-22-24-32-43,0,0
3303,21 Sep 2017,8-11-21-36-40-46,4-10-11-32-35-42,9-14-15-28-35-37,0,1
3304,25 Sep 2017,8-9-21-36-40-46,5-10-33-35-40-47,7-18-26-34-41-48,0,0
3305,28 Sep 2017,8-9-21-36-40-46,2-3-8-28-30-34,11-12-26-27-29-33,0,0
3306,02 Oct 2017,8-11-21-36-40-46,1-18-24-26-27-31,2-8-17-18-23-42,1,1
3307,05 Oct 2017,8-11-21-36-40-46,2-11-21-23-30-43,9-19-23-36-40-44,2,1
3308,09 Oct 2017,8-9-21-36-40-46,4-9-11-13-23-26,6-14-17-40-43-49,1,0
3309,12 Oct 2017,8-9-21-36-40-46,14-17-22-31-47-49,6-14-17-21-22-37,1,3
3310,16 Oct 2017,8-9-21-36-40-46,1-10-21-32-38-43,6-11-12-34-36-49,1,0
3311,19 Oct 2017,8-11-21-36-40-46,2-10-17-30-43-49,2-4-15-20-26-28,0,1
3312,23 Oct 2017,8-11-21-36-40-46,3-14-23-40-47-49,2-9-23-35-38-48,0,1
3313,26 Oct 2017,8-9-21-36-40-46,10-11-35-38-40-45,3-10-25-32-36-37,1,1
3314,30 Oct 2017,8-9-21-36-40-46,12-17-24-29-34-46,8-20-30-43-46-48,2,1
3315,02 Nov 2017,8-9-21-36-40-46,20-22-28-31-36-40,7-17-18-30-32-47,0,0
3316,06 Nov 2017,8-9-21-36-40-46,4-11-16-19-29-45,2-8-11-15-19-32,1,2
3317,09 Nov 2017,8-11-21-36-40-46,13-15-20-21-38-44,22-31-33-41-44-47,0,1
3318,13 Nov 2017,8-11-21-36-40-46,7-8-23-37-41-42,3-19-21-35-37-44,1,1
3319,16 Nov 2017,8-11-21-36-40-46,5-15-16-17-18-33,11-13-16-27-34-48,1,1
3320,20 Nov 2017,8-11-21-36-40-46,3-16-26-41-46-47,9-11-13-18-20-34,1,0
3321,23 Nov 2017,8-9-11-21-36-46,4-21-28-34-42-47,11-14-41-46-47-49,2,1
3322,27 Nov 2017,8-9-11-21-36-46,3-10-11-32-45-46,7-8-23-30-42-48,1,0
3323,30 Nov 2017,8-9-11-21-36-46,2-7-8-23-39-47,17-22-29-36-38-47,1,1
3324,04 Dec 2017,8-9-11-21-36-46,6-7-11-19-38-43,4-5-19-38-39-40,0,2
3325,07 Dec 2017,8-11-21-36-40-46,18-38-39-41-42-46,9-10-25-37-45-46,1,1
3326,11 Dec 2017,8-9-11-21-36-46,5-13-24-38-40-44,5-12-37-39-42-43,0,1
3327,14 Dec 2017,8-9-11-21-36-46,2-15-28-38-42-47,1-9-13-33-41-48,1,0
3328,18 Dec 2017,8-9-11-21-36-46,8-10-18-40-45-46,2-6-10-19-31-35,0,1
3329,21 Dec 2017,8-9-11-21-36-46,5-8-10-15-35-42,1-2-26-27-35-43,0,1
3330,25 Dec 2017,8-9-11-21-36-46,19-28-30-31-40-48,6-7-14-17-19-29,0,1
3331,28 Dec 2017,8-9-11-19-36-46,8-12-20-28-33-38,1-3-5-16-27-40,0,0
3332,01 Jan 2018,8-9-11-36-40-46,6-7-9-23-25-32,3-9-16-34-45-46,2,1
3333,05 Jan 2018,8-9-11-36-40-46,4-10-30-37-44-47,3-4-13-19-23-47,0,2
3334,08 Jan 2018,8-9-11-19-36-46,11-18-20-23-29-32,6-10-18-36-44-45,1,1
3335,11 Jan 2018,8-9-11-19-36-46,6-28-29-37-41-45,22-24-25-40-45-49,0,1
3336,15 Jan 2018,8-9-11-36-40-46,6-10-19-21-39-42,1-2-6-28-29-49,0,1
3337,18 Jan 2018,8-9-11-36-40-46,4-13-14-25-29-37,2-6-12-17-26-40,1,0
3338,22 Jan 2018,8-9-11-36-40-46,4-12-13-33-43-49,1-2-15-29-32-49,0,1
3339,25 Jan 2018,2-8-9-36-40-46,21-23-30-32-42-46,1-15-23-25-34-47,0,1
3340,29 Jan 2018,2-8-9-36-40-46,1-10-12-14-17-26,7-14-25-32-44-48,0,1
3341,01 Feb 2018,2-8-9-36-40-46,1-6-12-41-46-48,4-15-20-22-29-32,0,0
3342,05 Feb 2018,2-8-9-36-40-46,14-29-31-34-39-49,25-33-38-40-42-48,1,0
3343,09 Feb 2018,2-8-9-36-40-46,2-24-28-29-33-45,8-15-16-23-40-49,2,0
3344,12 Feb 2018,2-8-9-36-40-46,3-12-18-23-33-41,12-14-19-23-37-41,0,3
3345,15 Feb 2018,2-8-9-36-40-46,1-6-18-24-36-42,16-18-30-31-36-41,1,2
3346,19 Feb 2018,2-8-9-36-40-46,15-23-38-46-48-49,10-21-29-34-37-43,0,0
3347,22 Feb 2018,2-8-9-36-40-46,3-7-8-25-35-40,4-12-13-15-35-46,1,1
3348,26 Feb 2018,2-8-9-36-40-46,2-11-12-13-37-46,4-9-13-15-40-44,2,1
3349,02 Mar 2018,2-8-9-36-40-46,4-7-11-18-23-41,24-28-31-37-40-49,1,0
3350,05 Mar 2018,8-9-36-40-46-49,14-35-37-38-44-48,6-15-16-30-32-39,0,0
3351,08 Mar 2018,8-9-36-40-46-49,4-5-15-16-17-32,2-10-14-24-28-40,1,0
3352,12 Mar 2018,2-8-9-36-40-46,2-7-13-35-38-43,9-12-15-16-29-44,1,0
3353,15 Mar 2018,2-8-9-36-40-46,7-15-22-26-28-39,9-16-23-25-34-40,2,0
3354,19 Mar 2018,2-8-9-36-40-46,15-25-31-34-39-41,3-18-31-39-43-46,1,2
3355,22 Mar 2018,2-8-9-36-40-46,11-30-31-35-37-38,5-6-13-21-27-47,0,0
3356,26 Mar 2018,2-8-9-36-40-46,3-9-16-18-19-34,6-13-14-27-32-36,1,0
3357,29 Mar 2018,2-8-9-36-40-46,5-10-31-32-35-36,11-15-17-21-27-33,0,0
3358,02 Apr 2018,2-8-9-36-40-46,2-11-21-27-28-32,3-12-30-39-43-48,0,0
3359,05 Apr 2018,2-8-9-36-40-46,6-10-13-24-32-42,3-5-21-30-32-40,1,1
3360,09 Apr 2018,2-9-21-36-40-46,2-8-18-24-41-46,18-36-40-41-43-49,2,2
3361,12 Apr 2018,9-21-36-40-46-49,12-15-22-31-42-46,1-7-15-27-32-38,0,1
3362,16 Apr 2018,9-21-36-40-46-49,4-10-27-32-38-43,14-22-25-27-28-29,0,1
3363,19 Apr 2018,9-21-36-40-46-49,6-10-16-20-24-44,18-22-32-35-36-44,1,1
3364,23 Apr 2018,9-21-36-40-46-49,9-23-33-39-43-46,1-30-32-36-37-41,1,0
3365,26 Apr 2018,9-21-36-40-46-49,4-17-19-23-41-44,5-14-17-25-28-46,1,1
3366,30 Apr 2018,9-14-21-36-40-46,4-16-32-36-42-47,7-13-18-21-32-35,1,1
3367,03 May 2018,9-14-21-36-40-46,5-10-19-26-32-42,14-23-28-30-32-48,1,1
3368,07 May 2018,9-14-21-36-40-46,14-21-28-29-30-34,2-7-12-15-23-44,0,0
3369,10 May 2018,9-14-21-36-40-46,10-17-22-24-30-43,4-14-35-38-45-47,1,0
3370,14 May 2018,9-14-21-36-40-46,12-32-36-40-41-47,17-24-29-45-46-49,1,0
3371,17 May 2018,9-14-21-36-40-46,2-6-14-20-23-38,7-21-25-29-35-37,1,0
3372,21 May 2018,9-14-21-36-40-46,6-11-32-34-38-40,8-10-16-30-37-44,0,0
3373,24 May 2018,9-14-21-36-40-46,4-29-30-39-43-46,11-25-26-34-36-42,1,0
3374,28 May 2018,9-14-21-36-40-46,14-22-26-30-43-46,5-9-27-28-30-44,1,1
3375,31 May 2018,9-14-21-36-40-46,10-12-13-20-41-48,11-13-24-26-47-49,0,1
3376,04 Jun 2018,9-14-21-36-40-46,4-20-33-35-44-48,20-22-31-37-43-45,0,1
3377,07 Jun 2018,9-14-21-36-40-46,2-22-31-32-36-44,12-20-29-31-37-39,0,1
3378,11 Jun 2018,9-14-21-36-40-46,15-18-19-22-28-29,16-25-30-37-44-49,0,0
3379,14 Jun 2018,9-14-36-40-46-49,3-5-17-27-28-47,4-29-31-35-42-48,0,0
3380,18 Jun 2018,9-14-36-40-46-49,4-22-25-28-37-39,11-15-22-23-26-43,0,1
3381,21 Jun 2018,9-11-36-40-46-49,2-14-16-39-43-44,4-6-15-24-30-35,0,0
3382,25 Jun 2018,9-11-36-40-46-49,7-22-25-27-31-49,2-5-25-38-44-48,0,1
3383,28 Jun 2018,9-11-36-40-46-49,10-14-28-31-33-49,2-7-22-27-40-47,1,0
3384,02 Jul 2018,2-9-36-40-46-49,2-4-21-24-25-48,12-13-26-33-35-38,0,0
3385,05 Jul 2018,2-9-36-40-46-49,25-32-41-42-47-49,8-11-28-30-32-34,0,1
3386,09 Jul 2018,2-11-36-40-46-49,6-18-20-22-27-36,6-23-31-38-39-43,0,1
3387,12 Jul 2018,2-11-36-40-46-49,1-2-8-9-32-41,4-15-25-32-40-41,1,2
3388,16 Jul 2018,2-11-36-40-46-49,1-2-10-13-32-41,4-8-19-24-32-47,0,1
3389,19 Jul 2018,11-32-36-40-46-49,6-8-16-25-29-44,13-14-23-35-37-46,1,0
3390,23 Jul 2018,11-14-32-36-40-46,2-6-20-33-37-42,2-23-26-28-39-40,1,1
3391,26 Jul 2018,2-11-14-36-40-46,9-15-19-27-32-49,1-9-13-17-28-40,1,1
3392,30 Jul 2018,2-9-11-36-40-46,5-10-24-31-43-49,8-10-19-20-41-43,0,2
3393,02 Aug 2018,2-8-9-36-40-46,6-11-17-21-36-37,1-10-15-27-41-46,1,0
3394,06 Aug 2018,2-8-9-36-40-46,6-8-31-37-46-48,7-18-20-27-36-40,2,0
3395,09 Aug 2018,2-8-9-36-40-46,7-12-13-18-25-47,13-16-20-23-39-42,0,1
3396,13 Aug 2018,2-8-9-36-40-46,12-17-19-22-25-28,1-3-6-16-22-36,1,1
3397,16 Aug 2018,2-8-9-36-40-46,2-3-6-32-37-48,22-23-25-32-33-36,1,1
3398,20 Aug 2018,2-8-32-36-40-46,5-6-15-27-41-48,9-10-25-38-40-42,1,0
3399,23 Aug 2018,2-9-32-36-40-46,7-17-23-32-35-44,2-3-23-30-39-41,1,1
3400,27 Aug 2018,2-9-32-36-40-46,9-13-19-45-47-48,5-6-16-24-26-29,0,0
3401,30 Aug 2018,2-9-32-36-40-46,14-23-25-27-32-45,3-9-27-29-31-40,2,1
3402,03 Sep 2018,2-9-32-36-40-46,4-11-15-19-38-45,4-5-13-18-39-40,1,1
3403,06 Sep 2018,2-9-32-36-40-46,5-14-32-44-45-47,2-15-17-20-23-30,1,0
3404,10 Sep 2018,2-9-15-36-40-46,7-9-16-25-31-46,2-6-9-15-40-43,4,1
3405,13 Sep 2018,2-9-15-36-40-46,8-18-19-28-41-44,6-16-17-40-44-48,1,1
3406,17 Sep 2018,2-9-15-36-40-46,1-7-16-17-35-41,16-21-22-24-25-27,0,1
3407,20 Sep 2018,2-9-15-36-40-46,23-29-30-35-38-42,5-12-18-30-32-38,0,2
3408,24 Sep 2018,2-9-15-36-40-46,7-15-19-33-36-39,6-8-17-24-29-47,0,0
3409,27 Sep 2018,2-9-15-36-40-46,1-2-5-43-44-46,2-25-29-33-42-45,1,1
3410,01 Oct 2018,2-9-15-36-40-46,10-13-16-23-40-42,11-15-23-24-32-40,2,2
3411,04 Oct 2018,2-9-15-36-40-46,3-7-21-28-31-32,5-12-23-32-37-42,0,1
3412,08 Oct 2018,2-9-32-36-40-46,5-12-19-20-35-48,17-18-23-39-43-49,0,0
3413,11 Oct 2018,2-9-32-36-40-46,14-31-39-40-43-46,1-16-18-24-29-46,1,1
3414,15 Oct 2018,2-9-32-36-40-46,1-21-26-37-40-46,1-4-24-32-35-48,1,1
3415,18 Oct 2018,2-9-32-36-40-46,1-5-16-30-40-41,5-14-17-31-46-48,1,1
3416,22 Oct 2018,2-9-32-36-40-46,1-4-5-46-48-49,5-22-24-40-43-48,1,2
3417,25 Oct 2018,2-9-32-36-40-46,3-12-13-17-21-26,7-8-13-15-35-48,0,1
3418,29 Oct 2018,2-15-32-36-40-46,3-12-13-27-28-38,2-6-10-20-28-31,1,1
3419,01 Nov 2018,2-15-32-36-40-46,19-21-24-34-38-47,6-27-28-41-44-48,0,0
3420,05 Nov 2018,2-15-32-36-40-46,19-26-31-42-45-46,3-8-14-28-43-49,0,0
3421,08 Nov 2018,2-15-32-36-40-46,9-10-21-27-35-49,8-13-16-26-28-38,0,0
3422,12 Nov 2018,2-8-32-36-40-46,3-8-9-30-44-45,4-12-21-34-41-47,0,0
3423,15 Nov 2018,2-8-32-36-40-46,2-7-8-21-27-39,21-25-27-36-39-44,1,3
3424,19 Nov 2018,2-8-32-36-40-46,3-16-19-37-40-42,2-9-14-36-46-48,3,0
3425,22 Nov 2018,2-32-36-40-46-48,12-18-23-26-28-35,11-17-20-21-27-30,0,0
3426,26 Nov 2018,2-32-36-40-46-48,4-5-12-33-35-47,16-22-28-31-38-46,1,0
3427,29 Nov 2018,2-32-36-40-46-48,2-12-23-26-27-33,4-11-19-25-40-44,1,0
3428,03 Dec 2018,2-32-36-40-46-48,10-12-31-33-39-47,5-6-7-29-37-38,0,0
3429,06 Dec 2018,2-32-36-40-46-48,3-10-16-26-48-49,5-9-16-18-23-47,0,1
3430,10 Dec 2018,2-9-32-36-40-46,1-3-6-31-35-41,4-10-14-26-39-44,0,0
3431,13 Dec 2018,2-9-32-36-40-46,9-14-16-32-38-40,3-11-18-23-38-47,0,1
3432,17 Dec 2018,2-9-32-36-40-46,1-2-13-34-36-46,15-16-30-32-44-48,1,0
3433,20 Dec 2018,2-32-36-40-46-48,5-12-19-32-37-41,7-12-15-30-33-39,0,1
3434,24 Dec 2018,2-15-32-36-40-46,7-14-23-39-40-47,3-5-12-17-29-39,0,1
3435,27 Dec 2018,2-15-32-36-40-46,5-8-19-31-46-48,9-19-20-30-35-46,1,2
3436,31 Dec 2018,2-9-15-36-40-46,3-4-7-18-24-38,8-13-18-28-43-49,0,1
3437,03 Jan 2019,2-9-15-36-40-46,14-19-25-27-29-45,12-22-26-37-40-47,1,0
3438,07 Jan 2019,2-9-15-36-40-46,12-16-20-35-37-45,1-2-36-39-41-42,2,0
3439,11 Jan 2019,2-9-15-36-40-46,2-7-34-35-37-43,1-2-13-18-41-47,1,1
3440,14 Jan 2019,2-9-15-36-40-46,5-17-18-21-33-47,10-13-21-27-34-40,1,1
3441,17 Jan 2019,2-9-15-36-40-46,9-28-42-43-44-45,5-10-22-30-42-48,0,1
3442,21 Jan 2019,2-9-36-40-46-48,3-28-29-35-36-43,7-38-40-45-46-47,2,0
3443,24 Jan 2019,2-9-36-40-46-48,6-10-26-30-33-46,3-4-18-32-41-44,0,0
3444,28 Jan 2019,2-32-36-40-46-48,8-25-26-29-42-49,6-11-19-33-35-38,0,0
3445,01 Feb 2019,2-32-36-40-46-48,15-16-20-29-34-35,5-11-16-17-22-27,0,1
3446,04 Feb 2019,2-32-36-40-46-48,5-8-9-17-23-48,6-15-21-30-46-47,1,0
3447,07 Feb 2019,2-15-32-36-40-46,10-13-17-34-44-47,5-7-9-11-35-49,0,0
3448,11 Feb 2019,2-9-11-36-40-46,5-18-24-25-35-37,9-10-15-33-39-40,2,0
3449,14 Feb 2019,2-9-15-36-40-46,9-12-24-26-29-43,2-10-12-20-24-32,1,2
3450,18 Feb 2019,2-9-15-32-40-46,1-2-4-8-24-37,25-26-29-31-46-49,1,0
3451,22 Feb 2019,2-9-15-32-40-46,10-22-36-40-41-43,5-8-14-16-34-39,0,0
3452,25 Feb 2019,2-9-15-32-40-46,1-5-24-38-42-48,9-12-27-28-38-44,1,1
3453,28 Feb 2019,2-9-15-32-40-46,10-19-22-27-33-37,20-24-27-39-43-48,0,1
3454,04 Mar 2019,2-9-15-32-40-46,12-28-29-34-40-47,1-6-7-16-39-40,1,1
3455,07 Mar 2019,2-9-15-32-40-46,5-8-16-23-32-40,1-2-13-29-41-43,1,0
3456,11 Mar 2019,2-9-15-32-40-46,7-19-20-30-42-46,6-23-26-27-34-49,0,0
3457,14 Mar 2019,2-6-9-15-40-46,1-5-19-31-40-46,2-4-17-21-25-46,2,1
3458,18 Mar 2019,2-6-9-15-40-46,1-10-32-36-38-48,2-5-8-17-43-47,1,0
3459,21 Mar 2019,2-5-6-9-40-46,3-6-22-23-24-36,2-5-12-13-15-31,2,0
3460,25 Mar 2019,2-5-9-15-40-46,5-14-31-35-36-42,6-13-23-26-34-37,0,0
3461,28 Mar 2019,2-5-6-9-40-46,9-19-33-34-41-44,2-15-20-26-29-44,1,1
3462,01 Apr 2019,2-5-6-15-40-46,15-24-33-35-45-48,7-12-22-30-31-36,0,0
3463,04 Apr 2019,2-5-6-15-40-46,6-8-10-16-22-34,4-17-20-21-33-39,0,0
3464,08 Apr 2019,2-5-6-15-40-46,6-8-18-21-24-45,9-19-20-24-28-49,0,1
3465,11 Apr 2019,2-5-9-15-40-46,2-3-15-18-23-28,5-12-13-17-29-47,1,0
3466,15 Apr 2019,2-5-9-15-40-46,1-4-21-28-29-34,8-19-25-34-35-47,0,1
3467,18 Apr 2019,2-5-9-15-40-46,6-16-36-41-42-46,6-15-28-33-45-47,1,1
3468,22 Apr 2019,2-5-6-15-40-46,8-11-19-24-29-36,12-13-19-23-24-44,0,2
3469,25 Apr 2019,2-5-6-15-40-46,1-19-34-41-42-46,1-7-14-15-32-38,1,1
3470,29 Apr 2019,2-5-6-15-40-46,3-12-17-20-34-48,4-10-26-31-39-48,0,1
3471,02 May 2019,2-5-6-15-40-46,4-6-12-37-42-46,10-15-24-35-42-47,1,1
3472,06 May 2019,2-5-6-15-40-46,17-18-23-27-33-42,5-6-13-26-32-41,2,0
3473,09 May 2019,2-5-6-15-40-46,7-18-20-27-31-40,5-10-11-18-26-49,1,1
3474,13 May 2019,2-5-6-15-40-46,11-19-26-40-44-46,2-3-19-21-23-31,1,1
3475,16 May 2019,2-5-6-15-40-46,3-4-9-31-46-48,5-7-9-15-38-45,2,1
3476,20 May 2019,2-5-6-15-40-46,5-10-11-15-18-38,7-18-24-46-47-48,1,1
3477,23 May 2019,2-5-6-15-40-46,5-10-20-26-33-46,12-20-22-31-32-46,1,2
3478,27 May 2019,2-5-6-15-40-46,6-14-32-36-37-49,5-9-17-21-22-32,1,1
3479,30 May 2019,2-5-9-15-40-46,13-16-30-38-41-47,4-12-21-30-31-44,0,1
3480,03 Jun 2019,2-5-9-15-40-46,1-21-22-29-36-49,3-4-12-19-27-30,0,0
3481,06 Jun 2019,2-5-9-15-40-46,3-8-14-21-29-30,21-24-28-31-32-38,0,1
3482,10 Jun 2019,2-5-15-32-40-46,21-26-27-33-37-46,10-11-15-17-19-46,2,1
3483,13 Jun 2019,2-5-15-32-40-46,2-6-15-34-38-42,1-3-10-14-22-39,0,0
3484,17 Jun 2019,2-5-15-32-40-46,2-5-14-23-34-40,6-20-29-36-40-43,1,1
3485,20 Jun 2019,2-5-15-32-40-46,9-14-18-20-27-39,8-19-25-26-29-34,0,0
3486,24 Jun 2019,2-5-15-32-40-46,1-5-6-26-43-46,8-17-25-32-41-48,1,0
3487,27 Jun 2019,2-5-15-32-40-46,8-18-20-34-42-46,1-4-25-36-41-47,0,0
3488,01 Jul 2019,2-5-15-32-40-46,2-6-9-29-39-41,5-7-27-30-38-48,1,0
3489,04 Jul 2019,2-5-15-32-40-46,15-18-25-28-32-41,7-9-21-34-36-45,0,0
3490,08 Jul 2019,2-5-15-32-40-46,7-24-28-36-38-49,9-11-22-23-24-29,0,1
3491,11 Jul 2019,2-5-9-15-40-46,5-11-23-37-41-43,6-12-28-43-45-47,0,1
3492,15 Jul 2019,2-5-9-15-40-46,4-8-12-19-26-42,4-15-30-35-36-43,1,1
3493,18 Jul 2019,2-5-9-15-40-46,11-19-23-36-38-44,14-20-25-28-31-42,0,0
3494,22 Jul 2019,2-5-9-15-40-46,5-7-11-16-31-48,7-23-30-34-43-47,0,1
3495,25 Jul 2019,2-5-9-15-40-46,1-4-18-38-44-46,4-5-29-30-31-33,1,1
3496,29 Jul 2019,2-5-9-15-40-46,9-10-14-26-27-38,4-10-24-32-37-44,0,1
3497,01 Aug 2019,2-5-15-32-40-46,10-15-27-33-40-43,3-8-22-30-31-48,0,0
3498,05 Aug 2019,2-5-15-32-40-46,14-15-16-17-33-47,4-15-16-20-21-26,1,2
3499,08 Aug 2019,2-5-15-32-40-46,7-21-27-28-29-44,1-4-5-22-27-34,1,1
3500,12 Aug 2019,2-5-15-32-40-46,8-13-17-18-43-49,33-34-36-37-44-49,0,1
3501,15 Aug 2019,2-5-15-32-40-46,15-20-21-23-24-26,3-11-27-29-40-42,1,0
3502,19 Aug 2019,2-5-15-32-40-46,7-15-18-20-25-44,2-6-19-20-26-45,1,1
3503,22 Aug 2019,2-5-15-32-40-46,5-6-7-18-29-41,1-14-25-28-29-38,0,1
3504,26 Aug 2019,2-5-15-32-40-46,7-11-16-41-45-47,7-18-23-40-44-48,1,1
3505,29 Aug 2019,2-5-15-32-40-46,4-21-32-39-41-49,6-22-33-40-45-47,1,0
3506,02 Sep 2019,2-5-6-15-40-46,1-10-19-35-40-49,1-5-18-20-33-44,1,1
3507,05 Sep 2019,2-5-6-15-40-46,10-23-28-30-38-45,17-18-27-42-47-48,0,0
3508,09 Sep 2019,2-5-6-15-40-46,2-15-17-26-39-42,10-19-25-36-44-49,0,0
3509,12 Sep 2019,2-5-6-15-40-46,5-24-25-28-42-48,7-10-30-33-44-45,0,0
3510,16 Sep 2019,2-5-6-15-40-46,4-17-25-31-42-49,9-17-29-32-36-40,1,1
3511,19 Sep 2019,2-5-15-32-40-46,4-12-13-36-43-47,14-22-24-31-45-47,0,1
3512,23 Sep 2019,2-5-15-32-40-46,4-14-37-40-41-48,9-10-25-29-41-44,0,1
3513,26 Sep 2019,2-5-9-15-40-46,6-13-17-33-44-47,9-19-30-34-35-46,2,0
3514,30 Sep 2019,2-5-9-15-40-46,3-7-9-17-48-49,10-13-16-38-42-47,0,0
3515,03 Oct 2019,2-5-9-15-40-46,4-13-36-43-44-47,1-12-24-45-46-48,1,0
3516,07 Oct 2019,2-5-9-15-40-46,4-16-22-23-25-44,12-13-26-36-41-46,1,0
3517,10 Oct 2019,5-9-15-36-40-46,18-29-36-38-43-47,4-18-26-32-34-45,0,1
3518,14 Oct 2019,5-9-15-32-40-46,10-17-21-30-37-48,4-5-14-25-26-45,1,0
3519,17 Oct 2019,5-9-15-32-40-46,14-28-29-34-44-48,2-35-37-42-43-47,0,0
3520,21 Oct 2019,2-5-9-15-40-46,11-35-40-42-46-49,5-13-28-38-47-48,1,0
3521,24 Oct 2019,2-5-9-40-46-47,11-28-29-31-37-39,14-24-25-29-43-44,0,1
3522,28 Oct 2019,2-5-9-40-46-47,12-15-16-24-33-44,5-19-20-27-34-36,1,0
3523,31 Oct 2019,2-5-36-40-46-47,12-22-24-26-31-37,13-30-33-36-44-47,2,0
3524,04 Nov 2019,2-5-36-40-46-47,15-21-29-30-38-48,3-8-9-38-41-44,0,1
3525,07 Nov 2019,5-9-36-40-46-47,13-16-17-29-30-46,5-26-28-30-34-46,2,2
3526,11 Nov 2019,5-9-36-40-46-47,4-6-14-35-38-43,3-20-29-30-39-41,0,0
3527,14 Nov 2019,5-9-36-40-46-47,12-16-29-32-39-47,2-9-16-21-36-49,2,1
3528,18 Nov 2019,5-9-36-40-46-47,7-8-11-25-29-47,1-16-17-20-21-30,0,0
3529,21 Nov 2019,5-9-36-40-46-47,4-17-19-26-39-40,1-4-16-18-30-32,0,1
3530,25 Nov 2019,5-9-36-40-46-47,14-30-32-42-43-45,3-6-16-35-38-46,1,0
3531,28 Nov 2019,5-9-36-40-46-47,4-5-18-20-30-32,6-30-34-45-46-48,1,1
3532,02 Dec 2019,5-9-36-40-46-47,1-19-21-22-27-40,1-14-15-25-34-35,0,1
3533,05 Dec 2019,5-9-36-40-46-47,12-23-26-29-39-42,2-9-14-26-30-47,2,1
3534,09 Dec 2019,5-9-36-40-46-47,8-16-17-27-35-43,21-22-27-30-39-44,0,1
3535,12 Dec 2019,5-9-36-40-46-47,6-17-18-24-31-35,2-22-29-33-36-45,1,0
3536,16 Dec 2019,2-5-9-36-40-46,3-7-14-35-42-49,4-10-22-23-40-42,1,1
3537,19 Dec 2019,2-5-9-36-40-46,7-18-24-40-41-49,19-21-27-36-40-44,2,1
3538,23 Dec 2019,2-5-9-36-40-46,2-14-16-20-23-37,1-15-35-41-42-43,0,0
3539,26 Dec 2019,2-5-9-36-40-46,13-18-21-33-37-38,8-16-20-24-25-36,1,0
3540,30 Dec 2019,2-5-9-36-40-46,2-7-12-22-25-32,3-12-13-35-36-40,2,1
3541,03 Jan 2020,2-5-9-36-40-46,12-24-33-36-40-46,13-15-21-23-30-35,0,0
3542,06 Jan 2020,2-5-9-36-40-46,7-18-26-39-42-49,2-7-11-15-26-47,1,2
3543,09 Jan 2020,2-5-15-36-40-46,3-28-29-32-38-44,12-24-34-38-46-47,1,1
3544,13 Jan 2020,2-5-36-40-46-47,8-14-24-30-39-43,2-3-4-13-16-33,1,0
3545,17 Jan 2020,2-5-36-40-46-47,6-9-14-19-20-36,1-11-24-28-45-48,0,0
3546,20 Jan 2020,2-5-36-40-46-47,12-14-23-25-31-45,11-18-20-22-27-37,0,0
3547,23 Jan 2020,2-5-36-40-46-47,2-7-11-16-17-30,9-14-36-38-40-47,3,0
3548,27 Jan 2020,2-5-36-40-46-47,11-16-21-32-41-42,3-32-38-43-46-48,1,1
3549,30 Jan 2020,2-5-36-40-46-47,1-14-15-30-31-36,7-20-29-41-47-49,1,0
3550,03 Feb 2020,2-5-36-40-46-47,6-19-31-36-37-49,6-9-23-34-42-49,0,2
3551,07 Feb 2020,2-5-36-40-46-47,1-4-6-9-19-29,10-15-16-21-24-49,0,0
3552,10 Feb 2020,2-5-36-40-46-47,3-8-17-22-33-35,8-12-15-17-32-46,1,2
3553,13 Feb 2020,2-15-36-40-46-47,33-43-44-46-48-49,5-7-19-23-44-48,0,2
3554,17 Feb 2020,5-15-36-40-46-47,16-24-25-32-36-48,17-19-23-30-42-45,0,0
3555,20 Feb 2020,5-15-36-40-46-47,11-14-17-37-41-49,7-19-26-31-34-40,1,0
3556,24 Feb 2020,5-15-36-40-46-47,8-12-21-35-38-39,11-24-26-29-42-47,1,0
3557,27 Feb 2020,5-15-36-40-46-47,16-17-20-22-27-30,10-32-35-36-46-49,2,0
3558,02 Mar 2020,5-15-36-40-46-47,7-15-17-27-41-47,11-37-39-41-42-46,1,1
3559,05 Mar 2020,5-15-36-40-46-47,7-28-31-44-45-48,12-14-30-37-38-40,1,0
3560,09 Mar 2020,5-15-36-40-46-47,8-16-18-21-44-48,4-11-14-22-29-47,1,0
3561,12 Mar 2020,5-15-36-40-46-47,6-25-35-39-41-49,1-3-18-34-36-49,1,1
3562,16 Mar 2020,5-15-36-40-46-47,3-6-9-29-32-35,2-15-19-40-47-48,3,0
3563,19 Mar 2020,2-15-36-40-46-47,23-27-28-30-32-46,8-19-27-33-37-47,1,1
3564,23 Mar 2020,2-15-36-40-46-47,10-31-42-43-45-46,10-30-35-39-42-49,0,2
3565,26 Mar 2020,2-15-36-40-46-47,1-17-22-37-40-46,7-12-13-19-42-46,1,1
3566,30 Mar 2020,2-15-36-40-46-47,1-15-19-29-45-48,1-7-17-29-30-43,0,2
3567,02 Apr 2020,2-15-36-40-46-47,9-13-15-45-47-48,4-11-14-23-28-47,1,1
3568,25 Jun 2020,2-15-36-40-46-47,10-17-21-27-46-47,23-37-42-43-47-49,1,1
3569,29 Jun 2020,2-15-36-40-46-47,7-14-25-28-29-31,3-9-17-38-39-41,0,0
3570,02 Jul 2020,2-15-36-40-46-47,3-26-28-37-39-45,3-20-36-38-43-48,1,1
3571,06 Jul 2020,2-15-36-40-46-47,5-18-28-33-39-47,1-22-26-38-39-48,0,1
3572,09 Jul 2020,15-36-40-46-47-48,6-9-13-26-28-36,8-10-12-16-21-48,1,0
3573,13 Jul 2020,15-36-40-46-47-48,8-9-14-15-18-38,6-22-34-35-37-43,0,0
3574,16 Jul 2020,15-36-40-46-47-48,5-22-25-40-44-45,5-18-27-28-29-37,0,1
3575,20 Jul 2020,5-36-40-46-47-48,5-12-30-34-38-43,1-20-23-24-40-42,1,0
3576,23 Jul 2020,5-36-40-46-47-48,21-30-32-35-46-47,4-12-13-20-35-36,1,1
3577,27 Jul 2020,5-36-40-46-47-48,3-24-26-30-43-45,4-19-25-31-34-37,0,0
3578,30 Jul 2020,5-36-40-46-47-48,7-22-24-31-39-48,18-24-34-38-43-48,1,2
3579,03 Aug 2020,5-36-40-46-47-48,14-27-32-36-39-46,1-3-10-15-32-40,1,1
3580,06 Aug 2020,15-36-40-46-47-48,7-17-19-24-27-46,10-28-35-39-41-43,0,0
3581,10 Aug 2020,15-36-40-46-47-48,3-5-14-33-45-47,9-19-20-29-36-43,1,0
3582,13 Aug 2020,15-36-40-46-47-48,7-21-28-30-47-48,5-9-29-41-42-43,0,0
3583,17 Aug 2020,5-36-40-46-47-48,7-12-19-31-34-37,1-2-15-30-35-46,1,0
3584,20 Aug 2020,15-36-40-46-47-48,17-23-25-32-33-46,6-15-19-26-30-48,2,0
3585,24 Aug 2020,15-36-40-46-47-48,11-15-22-24-28-40,1-19-24-26-37-41,0,1
3586,27 Aug 2020,15-36-40-46-47-48,4-6-13-28-37-47,2-10-13-32-41-43,0,1
3587,31 Aug 2020,15-36-40-46-47-48,3-6-8-23-31-45,12-15-16-23-25-46,2,1
3588,03 Sep 2020,15-36-40-46-47-48,5-8-30-31-46-49,4-16-27-32-44-47,1,0
3589,07 Sep 2020,15-36-40-46-47-48,2-9-22-27-32-46,9-11-19-22-36-45,1,2
3590,10 Sep 2020,15-36-40-46-47-48,6-15-20-23-29-49,15-21-27-36-39-43,2,1
3591,14 Sep 2020,15-36-40-46-47-48,5-12-24-33-36-39,2-11-13-15-28-45,1,0
3592,17 Sep 2020,15-36-40-46-47-48,1-11-28-33-34-36,1-3-9-19-36-39,1,2
3593,21 Sep 2020,9-15-36-40-46-47,6-8-12-26-28-49,13-16-17-20-27-38,0,0
3594,24 Sep 2020,9-15-36-40-46-47,10-22-23-34-42-45,4-31-36-40-45-48,2,1
3595,28 Sep 2020,15-36-40-46-47-48,6-13-22-40-45-48,5-16-27-34-41-42,0,0
3596,01 Oct 2020,15-36-40-46-47-48,2-4-14-25-30-36,7-10-11-21-26-48,1,0
3597,05 Oct 2020,15-36-40-46-47-48,14-17-18-26-30-32,7-10-14-15-39-44,1,1
3598,08 Oct 2020,15-36-40-46-47-48,7-16-20-21-28-32,2-3-7-12-21-34,0,2
3599,12 Oct 2020,15-36-40-46-47-48,6-7-10-15-22-27,1-10-14-40-41-48,2,1
3600,15 Oct 2020,15-36-40-46-47-48,5-9-13-20-38-44,14-27-28-31-46-48,2,0
3601,19 Oct 2020,15-36-40-46-47-48,9-13-21-26-32-42,9-10-11-13-20-25,0,2
3602,22 Oct 2020,15-36-40-46-47-48,4-13-21-26-33-45,11-25-28-30-34-36,1,0
3603,26 Oct 2020,15-36-40-46-47-48,5-8-10-12-14-35,2-8-11-19-41-49,0,1
3604,29 Oct 2020,15-36-40-46-47-48,8-13-14-15-22-28,10-12-27-37-39-46,1,0
3605,02 Nov 2020,15-36-40-46-47-48,4-26-30-33-36-41,3-36-37-44-48-49,2,1
3606,05 Nov 2020,15-36-40-46-47-48,3-5-10-17-27-40,3-19-25-33-40-44,1,2
3607,09 Nov 2020,15-36-40-46-47-48,16-18-21-23-25-41,8-12-13-30-37-46,1,0
3608,12 Nov 2020,15-36-40-46-47-48,3-12-16-18-22-24,9-11-14-22-26-35,0,1
3609,16 Nov 2020,15-36-40-46-47-48,17-26-28-29-38-43,1-2-20-27-36-44,1,0
3610,19 Nov 2020,15-36-40-46-47-48,1-2-13-15-31-38,3-12-22-23-34-42,0,0
3611,23 Nov 2020,15-36-40-46-47-48,4-5-22-23-32-48,1-7-11-22-30-45,0,1
3612,26 Nov 2020,15-36-40-46-47-48,8-11-13-21-30-46,2-5-8-27-35-48,1,1
3613,30 Nov 2020,15-36-40-46-47-48,8-24-25-44-45-48,2-3-25-33-35-49,0,1
3614,03 Dec 2020,2-15-36-40-46-48,1-9-10-29-36-47,1-7-8-11-36-40,2,2
3615,07 Dec 2020,2-15-36-40-46-48,13-17-19-29-33-41,7-13-14-33-37-48,1,2
3616,10 Dec 2020,2-15-36-40-46-48,10-19-29-30-34-42,10-17-22-23-27-33,0,1
3617,14 Dec 2020,2-15-36-40-46-48,12-21-24-26-28-44,6-21-29-45-47-48,1,1
3618,17 Dec 2020,2-36-40-46-47-48,3-10-17-18-25-32,5-8-27-33-35-41,0,0
3619,21 Dec 2020,2-36-40-46-47-48,3-6-19-25-30-48,4-8-15-31-36-39,1,0
3620,24 Dec 2020,15-36-40-46-47-48,18-22-33-34-42-47,5-11-19-21-22-37,0,1
3621,28 Dec 2020,15-36-40-46-47-48,2-10-15-18-23-44,32-34-40-45-46-47,3,0
3622,01 Jan 2021,15-36-40-46-47-48,16-18-27-28-32-42,5-8-13-16-35-47,1,1
3623,04 Jan 2021,15-36-40-46-47-48,9-10-14-21-23-29,4-5-8-12-27-42,0,0
3624,07 Jan 2021,15-36-40-46-47-48,7-12-15-29-36-43,1-7-9-12-32-36,1,3
3625,11 Jan 2021,15-36-40-46-47-48,2-10-23-24-34-35,3-5-8-19-26-47,1,0
3626,14 Jan 2021,5-36-40-46-47-48,2-7-25-28-37-43,12-21-23-25-32-44,0,1
3627,18 Jan 2021,5-36-40-46-47-48,1-16-19-37-40-45,2-12-23-33-35-37,0,1
3628,21 Jan 2021,2-36-40-46-47-48,9-11-16-17-40-48,8-11-15-17-19-35,0,2
3629,25 Jan 2021,15-36-40-46-47-48,13-16-23-30-34-36,8-9-12-17-33-39,0,0
3630,28 Jan 2021,15-36-40-46-47-48,7-11-16-24-25-46,6-16-25-32-35-37,0,2
3631,01 Feb 2021,15-36-40-46-47-48,5-7-8-22-37-48,4-6-9-18-27-39,0,0
3632,05 Feb 2021,15-36-40-46-47-48,1-3-6-21-32-39,8-9-11-24-26-47,1,0
3633,08 Feb 2021,9-36-40-46-47-48,4-7-14-39-43-48,9-10-25-27-34-42,1,0
3634,11 Feb 2021,9-36-40-46-47-48,4-6-10-13-19-28,10-23-25-28-46-49,1,2
3635,15 Feb 2021,9-36-40-46-47-48,14-15-16-19-20-31,9-13-18-20-34-40,2,1
3636,18 Feb 2021,9-36-40-46-47-48,20-21-28-29-40-41,1-4-6-15-40-44,1,1
3637,22 Feb 2021,9-36-40-46-47-48,10-14-19-29-48-49,3-6-8-11-36-48,2,1
3638,26 Feb 2021,9-36-40-46-47-48,5-12-13-25-28-47,21-24-40-42-44-48,2,0
3639,01 Mar 2021,9-36-40-46-47-48,2-29-32-37-41-45,5-6-7-13-25-37,0,1
3640,04 Mar 2021,9-36-40-46-47-48,4-14-21-24-25-42,11-12-20-28-30-38,0,0
3641,08 Mar 2021,9-36-40-46-47-48,11-19-33-34-44-45,8-13-17-27-33-40,1,1
3642,11 Mar 2021,9-36-40-46-47-48,9-19-35-37-43-49,12-19-26-41-46-47,2,1
3643,15 Mar 2021,9-36-40-46-47-48,1-12-23-25-41-49,12-15-19-28-35-43,0,1
3644,18 Mar 2021,9-36-40-46-47-48,14-15-25-29-40-49,2-5-12-24-25-29,0,2
3645,22 Mar 2021,9-36-40-46-47-48,11-28-29-40-43-44,2-12-20-35-37-44,0,1
3646,25 Mar 2021,9-36-40-46-47-48,10-12-16-20-33-37,4-16-17-20-22-44,0,2
3647,29 Mar 2021,9-36-40-46-47-48,4-16-18-29-32-35,14-15-20-23-30-35,0,1
3648,01 Apr 2021,15-36-40-46-47-48,2-9-13-19-31-49,10-11-15-21-29-44,1,0
3649,05 Apr 2021,15-36-40-46-47-48,10-38-42-43-47-49,9-11-15-17-25-40,2,0
3650,08 Apr 2021,15-36-40-46-47-48,10-13-15-20-22-46,7-8-9-14-28-35,0,0
3651,12 Apr 2021,9-15-36-40-46-47,1-7-14-17-19-40,4-23-27-43-48-49,0,0
3652,15 Apr 2021,9-15-36-40-46-48,23-27-28-29-34-39,10-14-23-25-35-46,1,1
3653,19 Apr 2021,9-15-36-40-46-48,4-18-40-43-47-48,8-10-16-17-20-43,0,1
3654,22 Apr 2021,9-15-36-40-46-48,4-5-7-16-22-47,3-17-22-32-38-48,1,1
3655,26 Apr 2021,9-15-36-40-46-48,4-9-19-32-42-47,2-15-18-36-42-49,2,1
3656,29 Apr 2021,9-15-36-40-46-48,21-22-29-33-36-47,2-19-22-29-36-43,1,3
3657,03 May 2021,9-15-36-40-46-48,8-17-39-40-43-49,15-17-18-35-41-42,1,1
3658,06 May 2021,9-15-36-40-46-48,2-3-4-22-27-41,4-6-12-20-31-35,0,1
3659,10 May 2021,9-15-36-40-46-48,16-32-39-42-44-49,6-18-32-33-34-45,0,1
3660,13 May 2021,9-15-36-40-46-48,17-27-39-44-46-48,2-4-5-16-39-47,0,1
3661,17 May 2021,15-36-40-46-47-48,5-27-29-32-34-46,5-6-11-36-41-46,2,2
3662,20 May 2021,15-36-40-46-47-48,3-6-11-14-44-49,7-12-18-29-32-37,0,0
3663,24 May 2021,15-36-40-46-47-48,19-22-26-32-39-42,11-18-23-31-32-33,0,1
3664,27 May 2021,15-36-40-46-47-48,5-24-26-28-32-36,3-7-9-24-36-38,1,2
3665,31 May 2021,9-15-36-40-46-48,2-8-12-14-19-40,14-15-18-19-30-44,1,2
3666,03 Jun 2021,9-15-36-40-46-48,2-14-20-25-37-44,1-7-21-26-30-39,0,0
3667,07 Jun 2021,9-15-36-40-46-48,1-3-4-10-20-26,7-14-23-31-39-41,0,0
3668,10 Jun 2021,9-15-36-40-46-48,2-14-21-27-29-46,1-9-15-22-24-42,2,0
3669,14 Jun 2021,9-15-36-40-46-48,17-18-19-21-37-38,5-16-23-24-28-45,0,0
3670,17 Jun 2021,9-15-36-40-46-48,3-19-32-35-45-48,5-12-15-30-38-43,1,0
3671,21 Jun 2021,9-15-36-40-46-48,9-12-35-41-44-49,7-8-10-14-17-28,0,0
3672,24 Jun 2021,9-15-36-40-46-48,11-12-16-21-29-35,1-12-17-21-24-44,0,2
3673,28 Jun 2021,9-15-36-40-46-48,6-18-21-25-27-39,14-31-32-33-38-47,0,0
3674,01 Jul 2021,9-15-36-40-46-47,1-9-29-30-32-45,4-5-9-17-31-34,1,1
3675,05 Jul 2021,5-9-15-36-40-46,10-11-12-26-29-31,8-14-20-28-29-36,1,1
3676,08 Jul 2021,5-9-15-36-40-46,9-10-21-34-37-41,7-9-15-20-23-40,3,1
3677,12 Jul 2021,5-9-15-36-40-46,2-4-5-19-23-42,18-19-23-24-38-45,0,2
3678,15 Jul 2021,5-9-15-36-40-46,5-7-16-18-29-37,3-5-9-14-23-26,2,1
3679,19 Jul 2021,5-9-15-36-40-46,6-10-21-22-41-44,4-10-21-33-42-44,0,3
3680,22 Jul 2021,5-9-15-36-40-46,10-23-37-43-44-49,1-21-26-38-44-45,0,1
3681,26 Jul 2021,5-9-15-36-40-46,5-22-29-32-34-38,3-8-30-34-39-46,1,1
3682,29 Jul 2021,5-9-15-36-40-46,7-8-12-18-34-47,1-7-22-33-40-48,1,1
3683,02 Aug 2021,5-9-15-36-40-46,1-2-5-17-36-41,12-16-23-26-33-44,0,0
3684,05 Aug 2021,5-9-15-36-40-46,5-19-23-27-28-44,3-17-19-23-32-38,0,2
3685,09 Aug 2021,5-9-15-36-40-46,13-19-20-28-30-48,15-24-33-34-36-40,3,0
3686,12 Aug 2021,5-9-15-36-40-46,1-8-15-29-32-36,2-20-25-29-32-49,0,2
3687,16 Aug 2021,5-9-15-36-40-46,3-8-16-44-45-49,10-21-28-31-37-38,0,0
3688,19 Aug 2021,5-9-15-36-40-46,5-12-26-29-44-45,1-3-9-39-40-47,2,0
3689,23 Aug 2021,5-9-15-36-40-46,6-15-23-34-46-49,5-17-26-27-31-48,1,0
3690,26 Aug 2021,5-9-15-36-40-46,6-13-25-37-46-47,5-18-24-37-38-49,1,1
3691,30 Aug 2021,5-9-15-36-40-46,11-14-22-24-35-43,19-23-24-27-36-37,1,1
3692,02 Sep 2021,5-9-15-36-40-46,13-15-20-31-35-47,3-4-6-10-19-42,0,0
3693,06 Sep 2021,5-9-15-36-40-46,25-41-42-44-45-47,1-15-31-32-33-44,1,1
3694,09 Sep 2021,5-9-15-36-40-46,8-16-26-44-45-49,5-19-30-33-37-42,1,0
3695,13 Sep 2021,5-9-15-36-40-46,4-12-23-39-40-44,6-25-26-41-42-44,0,1
3696,16 Sep 2021,5-9-15-36-40-46,7-11-12-21-28-34,9-10-15-30-38-48,2,0
3697,20 Sep 2021,5-9-15-36-40-46,5-16-22-33-45-49,3-6-10-16-33-49,0,3
3698,23 Sep 2021,5-9-15-36-40-46,10-23-26-28-32-36,9-35-41-42-43-44,1,0
3699,27 Sep 2021,5-9-15-36-40-46,10-16-18-36-42-43,20-28-33-38-40-44,1,0
3700,30 Sep 2021,5-9-15-36-40-46,9-14-18-21-38-41,5-8-14-26-30-44,1,1
3701,04 Oct 2021,5-9-15-36-40-46,2-8-12-20-23-46,10-14-28-30-35-40,1,0
3702,07 Oct 2021,5-9-15-36-40-46,12-14-24-32-42-44,1-27-28-39-40-49,1,0
3703,11 Oct 2021,5-9-15-36-40-46,8-19-24-42-44-45,10-26-27-36-37-43,1,0
3704,14 Oct 2021,5-9-15-36-40-46,5-20-22-23-33-43,10-15-16-24-45-47,1,0
3705,18 Oct 2021,5-9-15-36-40-46,1-8-28-32-39-48,5-23-24-27-44-49,1,0
3706,21 Oct 2021,5-9-15-36-40-46,2-17-29-39-41-45,7-22-23-25-42-43,0,0
3707,25 Oct 2021,5-9-15-36-40-46,4-21-23-30-34-42,4-18-24-40-43-47,1,1
3708,28 Oct 2021,5-9-15-36-40-46,10-22-28-33-35-42,3-20-27-34-35-46,1,1
3709,01 Nov 2021,5-9-15-36-40-46,4-11-25-29-31-47,7-15-22-24-26-37,1,0
3710,04 Nov 2021,5-9-15-36-40-46,3-9-34-35-42-47,7-18-22-36-44-45,1,0
3711,08 Nov 2021,5-9-15-36-40-46,16-24-27-33-43-44,7-8-20-31-35-41,0,0
3712,11 Nov 2021,5-9-15-36-40-46,19-21-28-33-35-39,5-7-12-35-48-49,1,1
3713,15 Nov 2021,5-9-15-36-40-46,5-16-18-31-32-49,23-27-31-34-43-48,0,1
3714,18 Nov 2021,5-9-15-36-40-46,5-8-11-22-26-38,1-10-39-43-45-48,0,0
3715,22 Nov 2021,5-9-15-36-40-46,16-25-28-41-42-44,1-3-16-20-35-41,0,2
3716,25 Nov 2021,5-9-15-36-40-46,9-15-29-33-34-42,6-20-27-32-40-44,1,0
3717,29 Nov 2021,5-9-15-36-40-46,8-15-20-32-34-44,1-7-12-26-28-32,0,1
3718,02 Dec 2021,5-9-15-36-40-46,1-7-18-24-28-34,6-12-22-23-40-49,1,0
3719,06 Dec 2021,5-9-15-36-40-46,2-8-14-18-35-42,7-16-33-37-42-43,0,1
3720,09 Dec 2021,5-9-15-36-40-46,8-12-33-36-45-49,1-17-30-31-42-43,0,0
3721,13 Dec 2021,5-9-15-36-40-46,13-17-19-38-42-48,5-18-19-23-40-49,2,1
3722,16 Dec 2021,5-9-15-36-40-46,23-26-27-33-46-48,6-26-27-37-40-43,1,2
3723,20 Dec 2021,5-9-15-36-40-46,2-5-12-24-27-32,4-5-16-18-24-34,1,2
3724,23 Dec 2021,5-9-15-36-40-46,1-13-24-31-37-42,1-21-35-39-44-45,0,1
3725,27 Dec 2021,5-9-15-36-40-46,3-31-34-41-46-48,3-9-13-23-24-44,1,1
3726,30 Dec 2021,5-9-15-36-40-46,4-13-19-25-27-29,4-7-12-13-21-35,0,2
3727,03 Jan 2022,5-9-15-36-40-46,2-16-19-28-32-45,6-12-20-33-46-47,1,0
3728,07 Jan 2022,5-9-15-36-40-46,2-4-6-7-13-47,3-8-11-20-44-49,0,0
3729,10 Jan 2022,5-9-15-36-40-46,6-14-31-32-37-41,8-11-17-21-30-44,0,0
3730,13 Jan 2022,5-9-15-36-40-44,10-18-23-40-47-49,3-6-18-20-26-35,0,1
3731,17 Jan 2022,5-9-15-36-40-44,11-13-26-27-36-49,4-13-26-31-33-35,0,2
3732,21 Jan 2022,5-9-15-36-40-44,9-20-28-29-31-35,2-4-11-13-28-38,0,1
3733,24 Jan 2022,5-9-15-36-40-44,3-10-17-23-26-29,1-8-10-31-32-38,0,1
3734,27 Jan 2022,5-9-15-36-40-44,12-20-21-30-45-48,7-21-27-30-32-34,0,2
3735,31 Jan 2022,5-9-15-36-40-44,19-23-27-30-43-44,5-6-10-22-23-40,2,1
3736,03 Feb 2022,5-9-15-36-40-44,14-16-33-34-44-45,15-28-31-32-44-49,2,1
3737,07 Feb 2022,5-9-15-36-40-44,16-23-30-36-43-44,1-11-17-28-32-35,0,0
3738,11 Feb 2022,5-9-15-36-40-44,1-7-8-20-24-49,9-13-14-16-18-28,1,0
3739,14 Feb 2022,5-9-15-36-40-44,5-15-21-23-25-32,10-23-29-33-37-43,0,1
3740,17 Feb 2022,5-9-15-36-40-44,3-10-24-31-32-43,1-4-19-35-37-45,0,0
3741,21 Feb 2022,5-9-15-36-40-44,9-17-35-39-40-42,1-19-22-27-37-44,1,0
3742,24 Feb 2022,5-9-15-36-40-44,8-27-36-37-44-47,4-11-15-25-41-48,1,0
3743,28 Feb 2022,5-9-15-36-40-44,4-8-31-33-40-49,1-9-20-27-37-49,1,1
3744,03 Mar 2022,5-9-15-36-40-44,4-14-28-31-34-44,8-13-24-30-40-44,2,1
3745,07 Mar 2022,5-9-15-36-40-44,2-11-26-37-41-43,19-22-24-28-29-42,0,0
3746,10 Mar 2022,5-9-15-36-40-44,1-11-18-29-38-40,1-8-25-32-45-46,0,1
3747,14 Mar 2022,5-9-15-36-40-44,15-16-27-28-33-42,19-37-38-45-47-49,0,0
3748,17 Mar 2022,5-9-15-36-40-44,14-15-27-35-41-48,5-7-30-42-47-49,1,0
3749,21 Mar 2022,5-9-15-36-40-44,6-13-15-20-35-46,1-20-22-23-24-31,0,1
3750,24 Mar 2022,5-9-15-36-40-44,3-5-22-28-34-46,3-12-15-22-34-45,1,3
3751,28 Mar 2022,5-9-15-36-40-44,12-27-29-34-37-47,5-9-10-12-39-44,3,1
3752,31 Mar 2022,5-9-15-36-40-44,3-18-20-28-31-34,1-4-10-22-24-45,0,0
3753,04 Apr 2022,5-9-15-36-40-44,12-15-23-28-37-44,14-15-28-31-40-42,2,2
3754,07 Apr 2022,5-9-15-36-40-44,1-5-30-32-39-44,1-7-10-28-31-44,1,2
3755,11 Apr 2022,5-9-15-36-40-44,1-4-24-25-26-41,2-12-18-27-36-49,1,0
3756,14 Apr 2022,5-9-15-36-40-44,11-18-23-32-46-49,4-6-23-26-29-30,0,1
3757,18 Apr 2022,5-9-15-36-40-44,9-13-14-28-37-40,12-20-33-39-42-48,0,0
3758,21 Apr 2022,5-9-15-36-40-44,8-22-29-31-35-42,13-16-19-32-38-43,0,0
3759,25 Apr 2022,5-9-15-36-40-44,5-9-14-22-23-45,6-16-26-32-39-47,0,0
3760,28 Apr 2022,5-9-15-36-40-44,2-9-26-27-36-48,5-6-11-16-22-37,1,0
3761,02 May 2022,5-9-15-36-40-44,7-12-13-15-28-29,12-14-23-32-35-38,0,1
3762,05 May 2022,5-9-15-36-40-44,6-9-28-38-41-48,7-13-35-39-41-45,0,1
3763,09 May 2022,5-9-15-36-40-44,10-25-31-32-36-43,5-12-15-21-30-39,2,0
3764,12 May 2022,5-9-15-36-40-44,5-20-35-41-43-47,15-20-36-38-41-46,2,2
3765,16 May 2022,5-9-15-36-40-44,12-21-34-42-44-48,21-22-40-41-42-46,1,2
3766,19 May 2022,5-9-15-36-40-44,7-16-25-26-29-42,5-8-13-20-21-46,1,0
3767,23 May 2022,5-15-36-40-44-46,5-6-20-29-42-49,7-10-16-21-27-35,0,0
3768,26 May 2022,5-15-36-40-44-46,1-6-8-17-23-45,6-11-30-34-43-45,0,2
3769,30 May 2022,5-15-36-40-44-46,24-27-28-29-36-46,8-13-19-34-37-47,0,0
3770,02 Jun 2022,5-15-36-40-44-46,4-11-17-29-41-43,12-19-26-28-46-49,1,0
3771,06 Jun 2022,5-15-36-40-44-46,2-5-13-15-26-33,12-28-29-34-41-47,0,0
3772,09 Jun 2022,5-15-36-40-44-46,4-7-18-22-28-38,7-14-15-16-17-38,1,2
3773,13 Jun 2022,5-15-36-40-44-46,6-12-17-35-39-45,3-5-12-16-30-45,1,2
3774,16 Jun 2022,5-15-36-40-44-46,12-16-21-25-48-49,2-7-16-18-24-45,0,1
3775,20 Jun 2022,5-15-36-40-44-46,4-9-12-17-29-36,20-25-28-33-40-49,1,0
3776,23 Jun 2022,5-15-36-40-44-46,12-20-25-26-28-35,24-27-32-38-46-49,1,0
3777,27 Jun 2022,5-15-36-40-44-46,4-6-24-27-29-42,21-24-27-32-34-38,0,2
3778,30 Jun 2022,5-15-36-40-44-46,1-30-31-41-44-49,2-15-17-27-41-48,1,1
3779,04 Jul 2022,5-15-36-40-44-46,3-6-9-18-30-39,2-3-9-27-28-38,0,2
3780,07 Jul 2022,5-15-36-40-44-46,4-19-25-32-38-42,16-17-20-33-39-49,0,0
3781,11 Jul 2022,5-15-20-36-40-46,12-22-31-36-38-41,1-6-13-25-34-43,0,0
3782,14 Jul 2022,5-15-20-36-40-46,19-25-30-31-32-44,8-10-15-36-39-44,2,1
3783,18 Jul 2022,5-15-36-40-44-46,3-8-25-27-32-34,3-20-36-41-43-47,1,1
3784,21 Jul 2022,5-15-20-36-40-44,14-23-28-34-45-46,4-15-31-42-43-47,1,0
3785,25 Jul 2022,5-15-20-36-40-44,1-11-27-28-30-39,2-6-29-30-31-44,1,1
3786,28 Jul 2022,5-15-20-36-40-44,17-22-34-42-47-48,1-2-25-33-36-40,2,0
3787,01 Aug 2022,5-15-20-36-40-44,5-19-27-28-33-48,3-10-12-29-45-47,0,0
3788,05 Aug 2022,5-15-20-36-40-44,2-19-25-29-40-43,14-18-24-37-43-45,0,1
3789,08 Aug 2022,5-15-20-36-40-44,3-5-15-32-34-44,2-9-33-34-37-49,0,1
3790,11 Aug 2022,5-15-20-36-40-44,8-14-20-26-34-35,10-12-16-18-32-44,1,0
3791,15 Aug 2022,5-15-20-36-40-44,13-21-26-38-44-47,7-22-29-34-38-41,0,1
3792,18 Aug 2022,5-15-20-36-40-44,1-3-11-33-36-47,2-4-12-18-28-43,0,0
3793,22 Aug 2022,5-12-15-36-40-44,22-28-35-39-41-48,5-20-23-36-42-44,3,0
3794,25 Aug 2022,5-15-20-36-40-44,15-17-18-27-36-37,3-5-13-23-24-48,1,0
3795,29 Aug 2022,5-15-20-36-40-44,2-16-20-32-36-40,4-8-9-15-22-31,1,0
3796,01 Sep 2022,5-15-20-36-40-44,8-14-19-33-38-43,1-18-28-42-43-48,0,1
3797,05 Sep 2022,5-15-20-36-40-44,5-10-11-15-20-26,4-9-13-18-34-47,0,0
3798,08 Sep 2022,5-9-15-36-40-44,7-15-16-21-35-42,1-8-11-12-22-46,0,0
3799,12 Sep 2022,5-9-15-36-40-44,13-26-27-31-34-38,8-15-21-22-39-43,1,0
3800,15 Sep 2022,5-9-15-36-40-44,3-4-14-16-26-44,13-15-27-29-38-45,1,0
3801,19 Sep 2022,5-9-15-36-40-44,2-12-24-29-42-43,1-5-14-23-40-45,2,0
3802,22 Sep 2022,5-9-15-36-40-44,5-15-17-23-31-46,3-11-19-26-43-49,0,0
3803,26 Sep 2022,5-9-15-36-40-44,14-20-23-27-35-48,6-19-24-34-43-46,0,0
3804,29 Sep 2022,5-15-36-40-44-46,5-10-13-22-27-31,27-29-31-44-46-49,2,2
3805,03 Oct 2022,5-15-36-40-44-46,1-2-21-23-27-32,7-16-20-29-33-42,0,0
3806,06 Oct 2022,5-15-36-40-44-46,8-9-13-41-42-48,10-19-20-22-26-46,1,0
3807,10 Oct 2022,5-15-36-40-44-46,8-26-28-38-42-45,8-10-18-26-42-47,0,3
3808,13 Oct 2022,5-15-36-40-44-46,34-37-38-42-43-47,2-4-8-17-22-40,1,0
3809,17 Oct 2022,5-15-36-40-44-46,2-9-25-28-33-40,1-8-16-24-38-43,0,0
3810,20 Oct 2022,5-15-36-40-44-46,2-14-33-37-42-46,2-9-19-27-33-37,0,3
3811,24 Oct 2022,5-15-36-40-44-46,13-14-17-36-37-39,7-11-17-21-41-43,0,1
3812,27 Oct 2022,5-15-36-40-44-46,10-14-20-30-47-48,13-16-25-41-45-46,1,0
3813,31 Oct 2022,5-15-36-40-44-46,1-7-18-34-36-41,4-14-17-25-29-49,0,0
3814,03 Nov 2022,5-15-36-40-44-46,5-13-18-25-46-47,13-21-24-25-26-41,0,2
3815,07 Nov 2022,5-15-36-40-44-46,15-27-30-34-40-41,10-14-33-37-39-45,0,0
3816,10 Nov 2022,5-15-36-40-44-46,8-9-17-23-26-36,10-23-28-35-39-46,1,1
3817,14 Nov 2022,5-15-36-40-44-46,10-14-18-36-39-47,8-15-22-26-34-45,1,0
3818,17 Nov 2022,5-15-36-40-44-46,25-34-35-36-44-49,1-10-16-23-38-49,0,1
3819,21 Nov 2022,5-15-36-40-44-46,7-10-15-25-30-33,3-9-21-30-36-46,2,1
3820,24 Nov 2022,5-15-36-40-44-46,7-8-16-26-33-35,3-8-11-21-24-31,0,1
3821,28 Nov 2022,5-15-36-40-44-46,20-23-37-43-44-49,7-16-17-28-37-48,0,1
3822,01 Dec 2022,5-15-36-40-44-46,1-2-31-33-34-43,3-12-20-39-40-47,1,0
3823,05 Dec 2022,5-15-20-36-40-46,7-12-16-23-31-39,5-6-7-25-28-35,1,1
3824,08 Dec 2022,5-15-20-36-40-46,9-18-19-23-26-47,1-6-21-35-37-46,1,0
3825,12 Dec 2022,5-15-20-36-40-46,12-30-31-36-38-46,3-7-22-27-44-49,0,0
3826,15 Dec 2022,5-15-36-40-44-46,18-22-23-35-41-45,4-12-17-19-24-44,1,0
3827,19 Dec 2022,5-15-36-40-44-46,5-8-20-26-30-45,8-14-24-26-45-46,1,3
3828,22 Dec 2022,5-15-36-40-44-46,7-16-20-32-35-37,4-11-13-16-32-46,1,2
3829,26 Dec 2022,5-15-36-40-44-46,6-8-17-22-30-38,3-10-31-32-44-47,1,0
3830,29 Dec 2022,5-15-36-40-44-46,13-28-30-35-40-48,12-18-25-28-30-36,1,2
3831,02 Jan 2023,5-15-36-40-44-46,9-17-20-29-40-44,1-13-15-32-41-47,1,0
3832,06 Jan 2023,5-15-36-40-44-46,1-8-15-21-32-48,12-22-30-32-42-49,0,1
3833,09 Jan 2023,5-15-36-40-44-46,3-13-14-24-41-47,1-3-13-15-22-43,1,2
3834,12 Jan 2023,5-15-36-40-44-46,4-8-9-23-34-47,2-6-8-28-31-37,0,1
3835,16 Jan 2023,5-15-36-40-44-46,8-12-18-19-36-39,15-22-23-36-40-42,3,1
3836,20 Jan 2023,5-15-36-40-44-46,15-16-19-31-41-46,15-29-35-47-48-49,1,1
3837,23 Jan 2023,5-15-36-40-44-46,5-7-16-19-22-43,22-30-31-39-43-49,0,2
3838,26 Jan 2023,5-15-36-40-44-46,7-14-20-23-39-47,2-21-34-40-43-45,1,0
3839,30 Jan 2023,5-15-36-40-44-46,6-12-15-33-35-41,13-23-25-26-44-45,1,0
3840,03 Feb 2023,5-15-36-40-44-46,11-13-16-19-34-40,4-6-21-25-34-40,1,2
3841,06 Feb 2023,5-15-36-40-44-46,19-20-23-27-30-49,6-10-15-19-20-30,1,3
3842,09 Feb 2023,5-15-36-40-44-46,9-17-18-21-39-46,18-20-27-37-43-47,0,1
3843,13 Feb 2023,5-15-36-40-44-46,1-9-21-46-47-48,5-12-23-28-31-39,1,0
3844,16 Feb 2023,5-15-36-40-44-46,11-12-19-33-35-37,3-10-16-24-42-46,1,0
3845,20 Feb 2023,5-15-36-40-44-46,2-7-12-22-38-45,4-9-21-22-25-41,0,1
3846,23 Feb 2023,5-15-36-40-44-46,1-3-37-38-41-49,2-5-19-24-34-44,2,0
3847,27 Feb 2023,5-15-36-40-44-46,6-11-15-32-40-41,6-26-32-39-44-48,1,2
3848,02 Mar 2023,5-15-36-40-44-46,11-16-24-36-44-47,15-22-24-26-29-36,2,2
3849,06 Mar 2023,5-15-36-40-44-46,6-9-10-32-34-47,21-30-35-36-37-45,1,0
3850,09 Mar 2023,5-15-36-40-44-46,1-15-21-29-40-49,1-10-30-31-38-45,0,1
3851,13 Mar 2023,5-15-36-40-44-46,3-14-21-26-38-39,1-3-15-18-23-48,1,1
3852,16 Mar 2023,5-15-36-40-44-46,3-4-12-40-42-48,4-14-30-33-37-42,0,2
3853,20 Mar 2023,5-15-36-40-44-46,1-17-20-22-27-47,7-8-15-27-34-38,1,1
3854,23 Mar 2023,5-15-36-40-44-46,5-14-17-30-33-46,14-21-26-29-37-40,1,1
3855,27 Mar 2023,5-15-36-40-44-46,5-27-31-34-41-48,1-4-17-28-43-45,0,0
3856,30 Mar 2023,5-15-36-40-44-46,2-6-8-11-18-37,12-26-34-39-41-49,0,0
3857,03 Apr 2023,5-15-36-40-44-46,27-28-39-43-44-49,13-27-28-42-44-45,1,3
3858,06 Apr 2023,5-15-36-40-44-46,2-6-30-32-41-47,6-7-31-42-46-47,1,2
3859,10 Apr 2023,5-15-36-40-44-46,14-17-39-40-42-48,8-10-12-25-32-38,0,0
3860,13 Apr 2023,5-15-36-40-44-46,6-7-16-18-47-48,11-21-30-31-33-38,0,0
3861,17 Apr 2023,5-15-36-40-44-46,4-14-17-18-23-47,9-11-17-22-31-43,0,1
3862,20 Apr 2023,5-15-36-40-44-46,6-23-25-30-34-41,11-14-21-30-37-40,1,1
3863,24 Apr 2023,5-15-36-40-44-46,1-16-21-26-34-41,5-6-25-32-36-49,2,0
3864,27 Apr 2023,5-15-36-40-44-46,10-21-24-38-41-49,4-9-30-32-40-49,1,1
3865,01 May 2023,5-15-36-40-44-46,16-21-28-36-39-46,22-26-29-30-48-49,0,0
3866,04 May 2023,5-15-36-40-44-46,15-27-28-32-37-42,16-21-25-28-37-44,1,2
3867,08 May 2023,5-15-36-40-44-46,6-10-35-44-48-49,1-3-6-11-23-34,0,1
3868,11 May 2023,5-15-36-40-44-46,5-14-21-28-40-47,1-11-26-38-41-44,1,0
3869,15 May 2023,5-15-36-40-44-46,3-8-11-14-17-32,7-33-36-40-41-42,2,0
3870,18 May 2023,5-15-36-40-44-46,6-11-13-17-23-36,7-13-18-19-25-29,0,1
3871,22 May 2023,5-15-36-40-44-46,15-18-19-21-27-40,1-4-7-8-34-44,1,0
3872,25 May 2023,1-15-36-40-44-46,3-5-6-10-28-36,4-15-17-35-42-48,1,0
3873,29 May 2023,1-15-36-40-44-46,3-8-35-37-40-47,5-13-30-34-36-48,1,0
3874,01 Jun 2023,5-15-36-40-44-46,18-25-26-40-42-44,7-15-33-40-45-49,2,1
3875,05 Jun 2023,5-15-36-40-44-46,10-11-22-38-47-48,5-16-26-28-32-34,1,0
3876,08 Jun 2023,5-15-36-40-44-46,3-8-16-23-29-40,6-21-31-32-35-48,0,0
3877,12 Jun 2023,5-15-36-40-44-46,1-23-25-26-27-33,2-22-28-33-34-36,1,1
3878,15 Jun 2023,5-15-36-40-44-46,2-9-11-15-25-46,6-15-17-42-46-49,2,2
3879,19 Jun 2023,5-15-36-40-44-46,3-9-11-21-33-39,2-25-28-30-32-46,1,0
3880,22 Jun 2023,5-15-36-40-44-46,12-23-24-36-37-44,3-9-28-32-37-46,1,1
3881,26 Jun 2023,5-15-36-40-44-46,6-9-10-11-44-46,4-5-17-28-39-44,2,1
3882,29 Jun 2023,5-15-36-40-44-46,2-3-6-12-18-20,5-15-16-30-37-46,3,0
3883,03 Jul 2023,5-15-36-40-44-46,8-9-30-31-43-47,14-30-34-40-45-49,1,1
3884,06 Jul 2023,5-15-36-40-44-46,15-18-26-37-43-45,13-16-28-34-38-40,1,0
3885,10 Jul 2023,5-15-36-40-44-46,7-18-28-32-44-49,2-8-30-33-39-41,0,0
3886,13 Jul 2023,5-15-36-40-44-46,10-13-16-19-39-48,4-12-14-20-21-22,0,0
3887,17 Jul 2023,5-15-36-40-44-46,5-17-36-37-43-49,18-25-27-32-35-39,0,0
3888,20 Jul 2023,5-15-36-40-44-46,4-7-34-36-38-42,10-20-26-39-44-46,2,0
3889,24 Jul 2023,5-15-36-40-44-46,11-22-35-37-39-44,1-5-18-20-38-44,2,1
3890,27 Jul 2023,5-15-36-40-44-46,10-12-22-26-46-47,8-10-21-27-34-36,1,1
3891,31 Jul 2023,5-15-36-40-44-46,21-32-36-41-42-48,2-23-29-35-39-45,0,0
3892,04 Aug 2023,5-15-36-40-44-46,9-10-12-24-32-48,19-25-27-28-29-48,0,1
3893,07 Aug 2023,5-15-36-40-44-46,22-33-38-43-47-49,5-15-18-31-41-49,2,1
3894,10 Aug 2023,5-15-36-40-44-46,3-10-22-29-43-47,3-6-16-29-37-45,0,2
3895,14 Aug 2023,5-15-36-40-44-46,4-7-9-29-39-40,5-22-31-32-41-49,1,0
3896,17 Aug 2023,5-15-36-40-44-46,8-9-17-18-31-36,4-8-32-33-45-47,0,1
3897,21 Aug 2023,5-15-36-40-44-46,18-21-22-30-31-42,1-18-21-28-31-41,0,3
3898,24 Aug 2023,5-15-36-40-44-46,2-10-15-29-34-46,1-13-26-34-37-41,0,1
3899,28 Aug 2023,5-15-36-40-44-46,16-23-24-30-33-43,1-3-7-12-15-32,1,0
3900,31 Aug 2023,1-5-15-40-44-46,5-6-8-20-23-33,14-29-31-39-40-48,1,0
3901,04 Sep 2023,1-5-15-40-44-46,1-16-28-39-45-49,1-4-12-33-45-48,1,2
3902,07 Sep 2023,1-5-15-40-44-46,11-15-21-22-24-40,17-19-24-26-31-46,1,1
3903,11 Sep 2023,1-5-15-40-44-46,3-4-20-24-37-42,1-20-21-27-38-48,1,1
3904,14 Sep 2023,1-5-15-40-44-46,3-8-25-27-36-37,14-18-24-26-37-45,0,1
3905,18 Sep 2023,1-5-15-40-44-46,6-10-12-34-36-47,4-7-27-32-37-49,0,0
3906,21 Sep 2023,1-5-15-40-44-46,7-14-19-28-37-43,2-8-28-31-48-49,0,1
3907,25 Sep 2023,1-5-15-40-44-46,3-10-19-23-36-44,3-14-19-23-28-43,0,3
3908,28 Sep 2023,1-5-15-40-44-46,1-18-26-34-46-49,3-13-23-28-37-38,0,0
3909,02 Oct 2023,1-5-15-40-44-46,14-15-27-38-44-49,2-10-12-13-45-48,0,0
3910,05 Oct 2023,1-5-15-40-44-46,1-14-17-25-32-37,4-7-9-38-41-42,0,0
3911,09 Oct 2023,1-5-15-40-44-46,4-11-18-32-38-49,1-5-9-25-44-49,3,1
3912,12 Oct 2023,1-5-15-40-44-46,8-10-14-15-24-33,14-15-26-35-44-46,3,2
3913,16 Oct 2023,1-5-15-40-44-46,2-15-19-25-26-30,21-27-30-38-40-44,2,1
3914,19 Oct 2023,1-5-15-40-44-46,5-14-22-25-28-33,1-7-16-20-35-41,1,0
3915,23 Oct 2023,1-5-15-40-44-46,8-11-20-25-40-41,2-3-13-15-34-37,1,0
3916,26 Oct 2023,1-5-15-40-44-46,9-10-23-26-29-49,1-6-17-19-34-45,1,0
3917,30 Oct 2023,1-5-15-40-44-46,4-9-10-18-27-37,12-24-26-32-34-38,0,0
3918,02 Nov 2023,1-5-15-40-44-46,13-19-21-24-33-39,3-12-22-29-35-42,0,0
3919,06 Nov 2023,1-5-15-40-44-46,5-6-26-28-30-37,11-20-22-28-32-37,0,2
3920,09 Nov 2023,1-5-15-40-44-46,10-16-22-31-41-47,2-3-11-17-35-40,1,0
3921,13 Nov 2023,1-5-15-40-44-46,1-27-33-36-40-49,6-10-16-24-27-43,0,1
3922,16 Nov 2023,1-5-15-40-44-46,8-18-29-39-45-47,10-13-15-28-29-37,1,1
3923,20 Nov 2023,1-5-15-40-44-46,2-4-6-13-14-36,12-13-18-22-25-28,0,1
3924,23 Nov 2023,1-5-15-40-44-46,2-9-21-26-30-32,2-24-30-37-43-45,0,2
3925,27 Nov 2023,1-5-15-40-44-46,12-33-35-44-46-47,16-19-20-26-33-40,1,1
3926,30 Nov 2023,1-5-15-40-44-46,6-15-24-29-30-47,3-32-34-38-41-42,0,0
3927,04 Dec 2023,1-5-15-40-44-46,2-3-21-30-31-42,6-18-26-31-37-38,0,1
3928,07 Dec 2023,1-5-15-40-44-46,6-9-10-34-41-45,10-16-25-29-42-44,1,1
3929,11 Dec 2023,1-5-15-40-44-46,9-14-36-39-41-42,9-12-21-22-44-47,1,1
3930,14 Dec 2023,1-5-15-40-44-46,2-8-27-28-36-49,22-32-34-39-40-42,1,0
3931,18 Dec 2023,1-5-15-40-44-46,26-36-37-40-45-49,12-15-16-23-24-38,1,0
3932,21 Dec 2023,1-5-15-40-44-46,11-13-17-23-36-39,7-8-24-25-29-40,1,0
3933,25 Dec 2023,1-5-15-40-44-46,4-5-26-28-29-41,11-12-19-23-25-41,0,1
3934,28 Dec 2023,1-5-15-40-44-46,5-6-8-22-24-27,13-17-18-24-37-41,0,1
3935,01 Jan 2024,1-5-15-40-44-46,8-10-14-15-28-45,8-16-23-24-36-48,0,1
3936,05 Jan 2024,1-5-15-40-44-46,11-18-29-34-38-40,7-12-17-20-31-35,0,0
3937,08 Jan 2024,1-12-15-40-44-46,14-23-25-36-44-48,11-20-28-30-36-38,0,1
3938,11 Jan 2024,1-12-15-40-44-46,19-25-34-35-39-40,2-9-10-43-45-46,1,0
3939,15 Jan 2024,1-12-15-40-44-46,4-5-7-11-35-43,24-25-26-28-30-35,0,1
3940,18 Jan 2024,1-12-15-40-44-46,5-17-33-40-45-46,5-28-30-37-38-41,0,1
3941,22 Jan 2024,1-5-15-40-44-46,22-33-35-37-41-49,1-3-8-13-40-48,2,0
3942,25 Jan 2024,1-5-15-40-44-46,5-11-12-19-34-41,10-18-44-45-48-49,1,0
3943,29 Jan 2024,1-5-15-40-44-46,4-15-18-26-46-49,20-22-24-28-40-49,1,1
3944,02 Feb 2024,1-5-15-40-44-46,17-19-25-26-34-36,2-27-29-36-44-48,1,1
3945,05 Feb 2024,1-5-15-40-44-46,1-3-18-19-37-41,14-17-20-25-28-37,0,1
3946,08 Feb 2024,1-15-28-40-44-46,7-8-12-41-45-48,6-16-21-27-31-37,0,0
3947,12 Feb 2024,1-15-28-40-44-46,1-11-21-22-32-44,9-16-20-25-31-39,0,0
3948,15 Feb 2024,1-15-28-40-44-46,8-17-29-38-39-41,15-18-22-35-41-48,1,1
3949,19 Feb 2024,1-15-28-40-44-46,3-29-32-36-46-49,1-10-21-29-35-42,1,1
3950,23 Feb 2024,1-15-28-40-44-46,1-8-21-25-32-38,18-21-26-35-38-43,0,2
3951,26 Feb 2024,1-15-28-40-44-46,11-22-26-33-35-49,2-8-14-27-39-42,0,0
3952,29 Feb 2024,1-15-28-40-44-46,6-9-12-42-44-48,1-14-28-44-45-49,3,1
3953,04 Mar 2024,1-15-28-40-44-46,7-9-31-33-37-45,13-17-25-27-28-44,2,0
3954,07 Mar 2024,1-15-28-40-44-46,3-8-11-14-21-30,5-11-15-20-31-47,1,1
3955,11 Mar 2024,1-5-15-28-40-44,2-8-17-18-40-45,5-9-30-37-40-49,2,1
3956,14 Mar 2024,1-5-15-28-40-44,10-27-30-31-39-42,8-26-34-35-45-46,0,0
3957,18 Mar 2024,1-5-15-28-40-44,5-8-17-19-24-39,1-4-6-15-30-48,2,0
3958,21 Mar 2024,1-5-15-28-40-44,6-10-20-31-43-47,6-8-18-19-33-44,1,1
3959,25 Mar 2024,1-5-15-28-40-44,5-11-29-32-33-48,4-23-25-27-28-32,1,1
3960,28 Mar 2024,1-5-15-28-40-44,6-9-23-26-35-44,6-8-13-17-26-37,0,2
3961,01 Apr 2024,1-5-15-28-40-44,19-25-32-44-45-48,3-12-18-19-27-41,0,1
3962,04 Apr 2024,1-5-15-28-40-44,3-17-22-40-42-48,3-4-13-31-36-43,0,1
3963,08 Apr 2024,1-5-15-28-40-44,6-10-16-19-39-45,12-23-24-34-43-46,0,0
3964,11 Apr 2024,1-15-28-40-44-46,23-27-31-39-44-49,22-28-33-40-43-47,2,0
3965,15 Apr 2024,1-15-28-40-44-46,1-11-36-39-45-48,5-10-28-36-41-42,1,1
3966,18 Apr 2024,1-5-15-28-40-44,1-7-16-21-23-26,18-22-29-32-37-47,0,0
3967,22 Apr 2024,1-5-15-28-40-44,2-20-31-38-43-46,6-8-11-16-33-37,0,0
3968,25 Apr 2024,1-5-15-28-40-44,8-13-30-38-40-42,5-9-11-18-28-36,2,0
3969,29 Apr 2024,1-5-15-28-40-44,19-22-30-40-42-44,2-7-12-31-36-45,0,0
3970,02 May 2024,1-5-15-28-40-44,1-2-15-20-34-49,4-5-31-37-43-46,1,0
3971,06 May 2024,1-5-15-28-40-44,4-6-27-36-39-45,1-5-9-31-33-37,2,0
3972,09 May 2024,1-5-15-28-40-44,4-9-17-41-43-48,9-15-20-26-43-49,1,2
3973,13 May 2024,1-5-15-28-40-44,3-10-29-38-44-47,2-16-17-22-24-49,0,0
3974,16 May 2024,1-5-15-28-40-44,2-3-25-26-41-46,2-12-15-28-35-48,2,1
3975,20 May 2024,1-5-15-28-40-44,5-7-26-31-44-45,7-10-32-33-39-48,0,1
3976,23 May 2024,1-5-15-28-40-44,5-12-18-29-37-40,3-4-22-27-39-43,0,0
3977,27 May 2024,1-5-15-28-40-44,2-7-14-17-22-36,14-23-28-34-41-48,1,1
3978,30 May 2024,1-5-15-28-40-44,1-8-15-21-23-34,6-9-11-17-28-45,1,0
3979,03 Jun 2024,1-5-15-28-40-44,20-27-30-38-42-43,1-28-30-32-33-39,2,1
3980,06 Jun 2024,1-5-15-28-40-44,1-2-13-21-29-33,4-5-10-14-35-43,1,0
3981,10 Jun 2024,1-5-15-28-40-44,4-11-14-28-38-43,1-10-13-23-31-34,1,0
3982,13 Jun 2024,1-5-15-28-40-44,11-24-27-36-45-46,4-7-10-17-30-41,0,0
3983,17 Jun 2024,1-5-15-28-40-44,3-23-24-40-41-49,8-10-12-16-17-30,0,0
3984,20 Jun 2024,1-5-15-28-40-44,13-20-29-33-46-47,3-12-14-16-17-30,0,0
3985,24 Jun 2024,1-5-15-28-40-44,20-26-27-29-46-48,20-23-28-30-34-49,1,1
3986,27 Jun 2024,1-5-15-28-40-44,7-20-22-23-35-37,1-8-11-14-17-30,1,0
3987,01 Jul 2024,1-5-15-28-40-44,4-6-7-23-29-35,11-19-21-26-28-33,1,0
3988,04 Jul 2024,1-5-15-28-40-44,4-18-24-25-44-48,4-9-12-15-31-44,2,2
3989,08 Jul 2024,1-5-15-28-40-44,8-21-22-26-34-47,15-18-29-34-38-44,2,1
3990,11 Jul 2024,1-5-15-28-40-44,9-30-31-37-39-48,15-17-22-32-34-40,2,0
3991,15 Jul 2024,1-5-15-28-40-44,10-11-12-16-39-45,4-6-17-32-37-41,0,0
3992,18 Jul 2024,1-5-15-28-40-44,3-10-15-20-30-37,8-10-11-12-14-20,0,2
3993,22 Jul 2024,1-12-15-28-40-44,2-3-7-11-28-34,4-9-12-15-37-47,2,0
3994,25 Jul 2024,1-12-15-28-40-44,9-11-14-26-43-44,14-21-34-35-43-49,0,2
3995,29 Jul 2024,1-12-15-28-40-44,5-10-19-26-34-36,19-24-29-30-31-46,0,1
3996,02 Aug 2024,1-12-15-28-40-44,12-15-16-35-41-43,14-16-22-23-36-42,0,1
3997,05 Aug 2024,1-12-15-28-40-44,7-19-30-34-38-43,1-12-15-30-42-43,3,2
3998,08 Aug 2024,1-12-15-28-40-44,1-5-10-12-13-30,23-26-32-36-41-49,0,0
3999,12 Aug 2024,1-12-15-28-40-44,10-11-18-24-29-45,2-8-27-33-34-43,0,0
4000,15 Aug 2024,1-12-15-28-40-44,19-20-27-39-43-47,15-24-35-36-42-46,1,0
4001,19 Aug 2024,1-12-15-28-40-44,4-6-17-39-48-49,2-3-16-26-29-41,0,0
4002,22 Aug 2024,1-12-15-28-40-44,14-17-36-38-40-46,2-5-8-43-45-48,0,0
4003,26 Aug 2024,1-12-15-28-40-44,9-16-18-20-21-44,6-8-18-34-35-37,0,1
4004,29 Aug 2024,1-12-15-28-40-44,1-2-7-28-30-31,3-9-10-12-27-41,1,0
4005,02 Sep 2024,1-12-15-28-40-44,2-16-30-33-34-45,6-7-13-30-37-39,0,1
4006,05 Sep 2024,1-12-15-28-40-44,1-5-6-24-37-46,1-13-27-38-40-43,2,1
4007,09 Sep 2024,1-12-15-28-40-44,2-12-19-34-35-47,1-4-10-16-18-29,1,0
4008,12 Sep 2024,1-12-15-28-40-44,12-13-26-36-40-45,5-6-14-36-45-49,0,2
4009,16 Sep 2024,1-12-15-28-40-44,2-7-9-34-44-48,2-8-15-19-33-38,1,1
4010,19 Sep 2024,1-12-15-28-40-44,7-9-15-29-42-43,7-13-17-22-31-37,0,1
4011,23 Sep 2024,1-12-15-28-40-44,14-27-37-41-43-45,9-20-22-32-37-47,0,1
4012,26 Sep 2024,1-12-15-28-40-44,3-17-20-27-29-31,17-23-26-31-38-40,1,2
4013,30 Sep 2024,1-12-15-28-40-44,4-5-6-19-33-49,4-33-34-38-40-43,1,2
4014,03 Oct 2024,1-12-15-28-40-44,15-16-26-28-35-46,2-9-15-17-40-48,2,1
4015,07 Oct 2024,1-12-15-28-40-44,28-31-35-37-39-47,16-22-23-31-41-49,0,1
4016,10 Oct 2024,1-12-15-28-40-44,2-14-18-20-34-37,1-17-24-25-27-39,1,0
4017,14 Oct 2024,1-12-15-28-40-44,8-18-39-42-43-45,12-33-39-42-43-48,1,3
4018,17 Oct 2024,1-12-15-28-40-44,4-7-9-23-25-27,2-4-10-25-36-38,0,2
4019,21 Oct 2024,1-12-15-28-40-44,7-15-22-35-41-48,4-13-19-44-46-49,1,0
4020,24 Oct 2024,1-12-15-28-40-44,13-17-24-35-47-49,20-24-28-37-46-47,1,2
4021,28 Oct 2024,1-12-15-28-40-44,7-14-28-40-45-48,10-16-33-37-45-47,0,1
4022,31 Oct 2024,1-12-15-28-40-44,1-5-23-24-27-43,2-6-10-17-18-49,0,0
4023,04 Nov 2024,1-12-15-28-40-44,3-11-12-15-17-34,14-18-25-28-29-44,2,0
4024,07 Nov 2024,1-12-15-28-40-44,4-13-14-18-22-42,4-12-17-18-23-34,1,2
4025,11 Nov 2024,1-12-15-28-40-44,10-20-32-33-34-49,13-28-39-43-46-48,1,0
4026,14 Nov 2024,1-12-15-28-40-44,7-19-23-34-35-48,12-16-29-36-39-40,2,0
4027,18 Nov 2024,1-12-15-28-40-44,5-10-25-30-38-48,1-2-14-36-44-46,2,0
4028,21 Nov 2024,1-12-15-28-40-44,10-13-27-36-40-43,4-7-11-14-21-28,1,0
4029,25 Nov 2024,1-12-15-28-40-44,1-6-7-16-20-49,26-28-31-38-41-42,1,0
4030,28 Nov 2024,1-12-15-28-40-44,10-13-21-33-38-41,1-2-4-15-18-24,2,0
4031,02 Dec 2024,1-12-15-28-40-44,10-17-18-31-34-44,10-11-12-21-41-49,1,1
4032,05 Dec 2024,1-12-15-28-40-44,9-17-20-22-35-45,8-14-15-20-31-49,1,1
4033,09 Dec 2024,1-12-15-28-40-44,3-9-10-17-33-46,1-4-8-10-16-46,1,2
4034,12 Dec 2024,1-12-15-28-40-44,5-12-19-38-43-45,17-18-19-31-32-33,0,1
4035,16 Dec 2024,1-12-15-28-40-44,21-28-35-38-44-47,13-19-22-26-40-49,1,0
4036,19 Dec 2024,1-12-15-28-40-44,15-17-19-20-23-34,3-9-10-20-23-32,0,2
4037,23 Dec 2024,1-12-15-28-40-44,4-13-17-18-29-30,34-40-42-44-45-46,2,0
4038,26 Dec 2024,1-12-15-28-40-44,5-7-8-10-28-36,8-21-30-35-44-49,1,1
4039,30 Dec 2024,1-12-15-28-40-44,3-9-15-20-32-41,3-10-13-29-32-46,0,2
4040,03 Jan 2025,1-12-15-28-40-44,4-5-29-43-45-46,9-11-24-29-39-46,0,2
4041,06 Jan 2025,1-12-15-28-40-44,8-10-12-19-35-37,6-10-13-27-41-49,0,1
4042,09 Jan 2025,1-12-15-28-40-44,13-24-33-36-37-43,13-32-34-36-38-40,1,2
4043,13 Jan 2025,1-12-15-28-40-44,9-17-24-31-38-47,3-7-11-13-34-35,0,0
4044,16 Jan 2025,1-12-15-28-40-44,11-24-25-26-34-37,6-13-18-27-35-46,0,0
4045,20 Jan 2025,1-12-15-28-40-44,1-6-12-20-29-48,3-5-6-16-32-49,0,1
4046,24 Jan 2025,1-12-15-28-40-44,2-10-23-35-37-40,9-10-18-35-43-49,0,2
4047,27 Jan 2025,1-12-15-28-40-44,5-22-28-30-35-36,7-16-22-26-33-43,0,1
4048,30 Jan 2025,1-12-15-28-40-44,11-16-31-34-47-48,2-9-13-24-26-43,0,0
4049,03 Feb 2025,1-12-15-28-40-44,11-15-30-35-40-48,1-12-29-31-41-48,2,1
4050,07 Feb 2025,1-12-15-28-40-44,8-17-19-25-36-38,16-18-22-23-28-35,1,0
4051,10 Feb 2025,1-12-15-28-40-44,13-27-28-43-47-48,1-3-7-18-34-39,1,0
4052,13 Feb 2025,1-12-15-28-40-44,3-12-19-28-33-48,5-8-13-28-30-49,1,1
4053,17 Feb 2025,1-12-15-28-40-44,9-19-20-37-39-48,1-16-23-39-41-42,1,1
4054,20 Feb 2025,1-12-15-28-40-44,14-16-25-27-39-42,3-25-31-37-39-42,0,3
4055,24 Feb 2025,1-12-15-28-40-44,2-11-15-36-42-44,24-37-38-42-48-49,0,1
4056,27 Feb 2025,1-12-15-28-40-44,7-13-22-34-36-41,2-10-13-15-37-40,2,1
4057,03 Mar 2025,1-12-15-28-40-44,4-22-25-30-36-40,4-16-24-25-43-49,0,2
4058,06 Mar 2025,1-12-15-28-40-44,6-7-12-29-31-36,19-33-35-38-46-49,0,0
4059,10 Mar 2025,1-12-15-28-40-46,3-7-9-17-36-37,5-7-32-38-42-47,0,1
4060,13 Mar 2025,1-12-15-28-40-46,2-20-21-36-38-44,16-26-34-36-42-49,0,1
4061,17 Mar 2025,1-12-15-28-40-49,1-8-13-26-40-49,7-30-39-42-43-48,0,0
4062,20 Mar 2025,1-12-15-28-40-49,4-10-15-23-41-42,9-10-11-13-23-42,0,3
4063,24 Mar 2025,1-12-15-28-40-49,5-21-25-28-32-34,18-19-25-28-31-44,1,2
4064,27 Mar 2025,1-12-15-28-40-49,3-4-7-29-43-46,21-22-27-35-40-42,1,0
4065,31 Mar 2025,1-12-15-28-40-49,10-14-27-31-34-42,9-12-17-23-29-46,1,0
4066,03 Apr 2025,1-12-15-28-40-46,5-9-21-30-38-49,12-14-15-16-21-40,3,1
4067,07 Apr 2025,1-12-15-28-40-46,1-14-19-22-23-31,7-19-35-40-43-47,1,1
4068,10 Apr 2025,1-12-15-28-40-46,7-28-31-32-33-48,14-26-27-30-46-48,1,1
4069,14 Apr 2025,1-12-15-28-40-46,8-11-30-35-43-47,6-14-29-30-35-42,0,2
4070,17 Apr 2025,1-12-15-28-40-46,2-7-23-34-46-49,15-17-26-31-40-46,3,1
4071,21 Apr 2025,1-12-15-28-40-46,9-15-25-28-38-49,1-17-30-37-41-43,1,0
4072,24 Apr 2025,1-12-15-28-40-46,4-10-13-21-45-49,17-19-21-23-30-40,1,1
4073,28 Apr 2025,1-12-15-28-40-46,12-13-16-25-38-40,3-8-12-18-24-41,1,1
4074,01 May 2025,1-12-15-28-40-46,7-23-32-35-40-46,2-8-12-30-35-49,1,1
4075,05 May 2025,1-12-15-28-40-46,20-29-34-42-46-49,5-8-28-38-40-43,2,0
4076,08 May 2025,1-12-15-28-40-46,8-19-20-37-40-44,9-13-17-39-46-47,1,0
4077,12 May 2025,1-12-15-28-40-46,8-20-22-25-27-39,6-16-20-23-40-48,1,1
4078,15 May 2025,1-12-15-28-40-46,11-36-39-41-45-46,9-16-17-20-34-38,0,0
4079,19 May 2025,1-12-15-28-40-46,2-13-28-32-40-43,2-15-17-18-39-45,1,1
4080,22 May 2025,1-12-15-28-40-46,2-11-33-37-43-48,3-10-32-34-44-48,0,1
4081,26 May 2025,1-12-15-28-40-46,10-25-36-37-42-45,5-9-15-28-46-48,3,0
4082,29 May 2025,1-12-15-28-40-46,3-21-31-32-33-41,1-5-7-11-19-47,1,0
4083,02 Jun 2025,1-12-15-28-40-46,9-21-30-35-40-47,10-19-21-22-28-31,1,1
4084,05 Jun 2025,1-12-15-28-40-46,6-9-13-14-18-47,2-5-25-26-29-30,0,0
4085,09 Jun 2025,1-12-15-28-40-46,10-33-36-37-39-48,7-10-11-21-32-48,0,2
4086,12 Jun 2025,1-12-15-28-40-46,3-16-31-33-36-49,3-7-38-41-44-49,0,2
4087,16 Jun 2025,1-12-15-28-40-46,8-16-17-31-36-42,5-18-27-32-48-49,0,0
4088,19 Jun 2025,1-12-15-28-40-46,6-9-12-16-20-33,1-10-37-40-45-47,2,0
4089,23 Jun 2025,1-12-15-28-40-46,9-17-20-22-37-40,2-15-29-37-45-49,1,1
4090,26 Jun 2025,1-15-28-40-46-49,13-14-18-21-34-40,10-26-28-35-37-46,2,0
4091,30 Jun 2025,1-15-28-40-46-49,1-3-14-15-28-47,11-27-31-33-34-36,0,0
4092,03 Jul 2025,1-15-28-40-46-49,10-12-23-26-40-41,6-15-16-17-25-34,1,0
4093,07 Jul 2025,1-15-28-40-46-49,1-9-12-21-40-48,10-15-17-33-36-45,1,0
4094,10 Jul 2025,1-15-28-40-46-49,10-13-15-27-31-44,12-21-26-27-35-44,0,2
4095,14 Jul 2025,1-12-15-28-40-46,10-12-16-19-24-38,2-8-19-29-38-41,0,2
4096,17 Jul 2025,1-12-15-28-40-46,3-4-14-27-41-42,7-8-17-29-32-42,0,1
4097,21 Jul 2025,1-12-15-28-40-46,16-30-39-40-42-43,2-5-10-12-14-37,1,0
4098,24 Jul 2025,1-12-15-28-40-46,4-16-21-30-36-42,9-11-24-32-39-49,0,0
4099,28 Jul 2025,12-15-28-40-46-49,11-15-23-25-33-48,2-14-16-21-36-47,0,0
4100,31 Jul 2025,12-15-28-40-46-49,8-12-15-18-24-32,7-19-20-21-22-29,0,0
4101,04 Aug 2025,12-15-28-40-46-49,4-5-23-30-31-45,30-32-40-43-45-49,2,2
4102,08 Aug 2025,12-15-28-40-46-49,12-14-18-28-48-49,2-15-28-39-42-44,2,1
4103,11 Aug 2025,12-15-28-40-46-49,2-14-30-31-32-48,9-24-31-34-43-44,0,1
4104,14 Aug 2025,12-15-28-40-46-49,16-18-21-22-27-36,22-25-29-31-34-43,0,1
4105,18 Aug 2025,12-15-28-40-46-49,17-20-25-26-39-48,1-4-18-24-37-42,0,0
4106,21 Aug 2025,1-12-15-28-40-49,10-11-17-20-27-41,4-13-22-36-38-46,0,0
4107,25 Aug 2025,1-15-28-40-46-49,11-20-36-39-43-48,2-3-4-16-22-39,0,1
4108,28 Aug 2025,1-15-28-40-46-49,5-11-29-43-48-49,10-11-16-24-34-35,0,1
4109,01 Sep 2025,1-15-28-40-46-49,3-5-15-18-33-42,3-4-8-13-14-17,0,1
4110,04 Sep 2025,1-15-28-40-46-49,1-7-15-18-20-48,8-12-21-38-40-43,1,0
4111,08 Sep 2025,12-15-28-40-46-49,1-26-27-33-41-47,1-3-33-38-39-42,0,2
4112,11 Sep 2025,1-12-15-28-40-46,8-15-19-31-35-36,2-15-19-35-41-48,1,3
4113,15 Sep 2025,1-12-15-28-40-46,6-9-20-34-43-45,10-19-25-29-33-37,0,0
4114,18 Sep 2025,1-12-15-28-40-46,3-14-20-42-47-48,6-8-9-20-45-49,0,1
4115,22 Sep 2025,1-12-15-28-40-49,2-4-33-41-42-48,8-15-22-24-43-47,1,0
4116,25 Sep 2025,1-12-15-28-40-49,6-13-19-23-25-33,1-6-9-11-29-36,1,1
4117,29 Sep 2025,1-12-15-28-40-49,19-22-25-27-30-48,15-16-22-34-35-43,1,1
4118,02 Oct 2025,1-12-15-28-40-49,8-20-24-29-32-35,19-22-26-37-40-46,1,0
4119,06 Oct 2025,1-15-28-40-46-49,6-17-26-34-39-40,10-15-22-31-42-48,1,0
4120,09 Oct 2025,1-15-28-40-46-49,1-8-23-31-35-42,13-14-19-22-31-42,0,2
4121,13 Oct 2025,1-15-28-40-46-49,6-29-30-34-39-49,5-31-33-34-38-46,1,1
4122,16 Oct 2025,1-15-28-40-46-49,10-12-16-29-46-48,2-4-8-19-35-39,0,0
4123,20 Oct 2025,1-15-28-40-46-49,3-4-10-29-39-43,3-10-13-15-32-37,1,2
4124,23 Oct 2025,1-15-28-40-46-49,2-7-16-35-41-43,7-14-17-18-31-38,0,1
4125,27 Oct 2025,1-15-28-40-46-49,7-15-20-23-31-39,4-12-14-24-36-38,0,0
4126,30 Oct 2025,1-12-15-28-40-46,11-14-15-26-35-36,1-5-31-34-38-45,1,0
4127,03 Nov 2025,1-12-15-28-40-46,5-6-25-26-36-49,10-19-22-34-39-43,0,0
4128,06 Nov 2025,1-12-15-28-40-46,3-17-18-24-42-44,3-20-24-29-32-44,0,3
4129,10 Nov 2025,1-12-15-28-40-46,38-39-46-47-48-49,2-11-12-19-25-36,1,0
4130,13 Nov 2025,1-12-15-28-40-46,2-5-13-28-29-38,6-13-18-22-34-35,0,1
4131,17 Nov 2025,1-12-15-28-40-46,8-9-16-26-27-32,3-9-12-18-19-34,1,1
4132,20 Nov 2025,1-12-15-28-40-46,3-15-18-31-38-41,11-13-22-31-47-49,0,1
4133,24 Nov 2025,1-12-15-28-40-46,5-6-9-30-34-49,8-25-27-34-45-47,0,1
4134,27 Nov 2025,1-12-15-28-40-46,3-6-14-15-23-47,6-8-17-28-32-46,2,1
4135,01 Dec 2025,1-12-15-28-40-46,2-13-20-27-40-48,2-10-24-35-45-49,0,1
4136,04 Dec 2025,12-15-28-40-46-49,3-4-13-35-36-40,1-5-24-36-41-46,1,1
4137,08 Dec 2025,1-12-15-28-40-46,8-13-16-18-27-33,9-12-15-23-27-47,2,1
4138,11 Dec 2025,1-12-15-28-40-46,2-7-21-38-41-45,6-11-20-28-33-43,1,0
4139,15 Dec 2025,1-12-15-28-40-46,11-13-26-44-45-49,17-21-22-35-37-42,0,0
4140,18 Dec 2025,1-12-15-28-40-46,12-14-15-16-20-37,2-14-15-30-31-43,1,2
4141,22 Dec 2025,1-12-15-28-40-46,6-9-11-17-33-45,4-5-13-22-24-30,0,0
4142,25 Dec 2025,1-12-15-28-40-46,13-17-19-25-35-43,3-8-15-28-37-43,2,1
4143,29 Dec 2025,1-12-15-28-40-46,20-22-29-32-38-41,2-4-22-24-30-33,0,1
4144,02 Jan 2026,12-15-22-28-40-46,14-30-31-32-39-48,11-18-20-32-38-39,0,2
4145,05 Jan 2026,12-15-22-28-40-46,8-24-28-30-35-44,5-20-35-39-40-49,1,1
4146,08 Jan 2026,12-15-22-28-40-46,16-22-31-33-38-47,3-14-15-17-25-27,1,0
4147,12 Jan 2026,12-15-22-28-40-46,5-6-8-12-15-44,1-9-16-18-35-43,0,0
4148,15 Jan 2026,1-12-15-22-28-40,1-23-24-27-37-39,16-32-34-35-36-41,0,0
4149,19 Jan 2026,1-12-15-22-28-40,2-4-9-16-18-36,4-11-21-23-31-35,0,1
4150,22 Jan 2026,1-12-15-22-28-40,10-30-33-34-37-42,6-22-27-32-37-44,1,1
4151,26 Jan 2026,1-12-15-22-28-40,7-19-24-31-42-47,10-11-13-26-32-39,0,0
4152,29 Jan 2026,1-12-15-22-28-40,10-11-31-36-41-44,11-13-16-31-42-48,0,2
4153,02 Feb 2026,1-12-15-22-28-40,6-13-14-26-29-31,4-19-40-41-46-47,1,0
4154,05 Feb 2026,1-15-22-28-40-46,8-9-13-18-33-48,6-18-24-26-36-48,0,2
4155,09 Feb 2026,1-15-22-28-40-46,2-9-10-17-22-45,10-15-29-31-33-49,1,1
4156,13 Feb 2026,15-22-28-40-46-49,9-16-29-44-47-48,10-15-25-43-45-49,2,0
4157,16 Feb 2026,15-22-28-40-46-49,6-10-16-21-27-45,13-24-28-34-37-44,1,0
4158,19 Feb 2026,15-22-28-40-46-49,4-17-30-37-41-42,8-16-17-34-38-48,0,1
4159,23 Feb 2026,15-22-28-40-46-49,10-21-23-25-33-47,24-26-30-32-37-47,0,1
4160,27 Feb 2026,15-22-28-40-46-49,2-3-9-16-37-43,5-9-20-23-45-46,1,1
4161,02 Mar 2026,15-22-28-40-46-49,6-25-29-32-33-45,6-8-28-37-41-49,2,1
4162,05 Mar 2026,15-22-28-40-46-49,13-17-21-26-27-37,1-5-12-15-22-42,2,0
4163,09 Mar 2026,15-22-28-40-46-49,5-8-14-25-37-47,7-13-14-17-40-44,1,1
4164,12 Mar 2026,15-22-28-40-46-49,4-9-10-21-35-37,12-25-33-40-43-46,2,0
4165,16 Mar 2026,12-15-28-40-46-49,1-4-6-22-45-49,6-14-18-22-35-36,0,2
4166,19 Mar 2026,15-22-28-40-46-49,5-18-25-40-42-49,3-27-34-35-38-49,1,1
4167,23 Mar 2026,15-22-28-40-46-49,14-15-20-25-41-47,4-25-28-33-43-48,1,1
4168,26 Mar 2026,15-22-28-40-46-49,6-8-14-21-32-41,4-7-22-29-33-46,2,0
4169,30 Mar 2026,15-22-28-40-46-49,1-6-14-18-35-49,4-12-26-30-46-47,1,0
4170,02 Apr 2026,15-22-28-40-46-49,4-7-10-28-35-39,1-7-8-23-30-33,0,1
4171,06 Apr 2026,15-22-28-40-46-49,6-9-20-39-48-49,14-23-29-30-39-48,0,2
4172,09 Apr 2026,15-22-28-40-46-49,3-9-24-25-28-39,1-2-6-9-44-48,0,1
4173,13 Apr 2026,15-22-28-40-46-49,19-21-32-36-43-46,4-8-10-15-16-26,1,0
4174,16 Apr 2026,15-22-28-40-46-49,7-14-23-29-32-37,1-3-6-12-21-41,0,0
4175,20 Apr 2026,1-12-15-28-40-46,5-19-29-32-36-45,3-5-9-23-43-49,0,1
4176,23 Apr 2026,1-15-28-40-46-49,6-17-20-21-24-41,3-5-15-23-37-42,1,0
4177,27 Apr 2026,1-15-28-40-46-49,9-25-31-39-42-45,3-11-13-22-28-48,1,0
4178,30 Apr 2026,15-22-28-40-46-49,1-3-20-32-37-45,2-6-7-31-35-39,0,0
4179,04 May 2026,15-22-28-40-46-49,8-15-17-29-33-46,7-18-19-30-36-48,0,0
4180,07 May 2026,15-22-28-40-46-49,5-12-14-33-38-41,2-3-8-16-20-47,0,0
4181,11 May 2026,15-22-28-40-46-49,7-15-26-29-34-39,6-10-25-26-34-40,1,2
4182,14 May 2026,15-22-28-40-46-49,2-26-27-32-34-38,4-8-21-25-43-46,1,0
4183,18 May 2026,15-22-28-40-46-49,5-27-29-32-43-46,7-18-32-37-41-44,0,1
4184,21 May 2026,15-22-28-40-46-49,1-11-24-27-37-40,11-18-25-36-39-49,1,1
4185,25 May 2026,15-22-28-40-46-49,11-24-31-40-42-49,11-12-24-33-38-46,1,2
4186,28 May 2026,12-15-28-40-46-49,13-19-20-24-32-49,10-13-30-35-38-44,0,1
4187,01 Jun 2026,12-15-28-40-46-49,13-19-28-34-36-40,2-19-26-29-33-36,0,2
4188,04 Jun 2026,12-15-28-40-46-49,3-25-30-34-39-42,3-5-20-23-26-27,0,1
4189,08 Jun 2026,12-15-28-40-46-49,1-14-17-20-37-39,10-15-28-39-40-46,4,1
4190,11 Jun 2026,12-15-28-40-46-49,2-14-31-38-40-48,14-16-21-22-35-38,0,2
4191,15 Jun 2026,15-22-28-40-46-49,13-14-26-34-46-49,9-16-27-28-32-49,2,1
4192,18 Jun 2026,15-22-28-40-46-49,1-8-10-16-41-49,2-7-11-19-20-42,0,0
4193,22 Jun 2026,15-22-28-40-46-49,11-22-32-38-39-49,4-11-15-16-21-39,1,2
4194,25 Jun 2026,15-22-28-40-46-49,16-23-25-33-43-46,4-21-23-28-31-39,1,1
4195,29 Jun 2026,15-22-28-40-46-49,10-12-19-31-39-49,6-11-22-23-31-34,1,1
4196,02 Jul 2026,15-22-28-40-46-49,1-8-14-17-33-47,5-7-11-37-46-49,2,0
4197,06 Jul 2026,15-22-28-40-46-49,7-16-18-28-31-45,8-25-34-37-39-46,1,0
4198,09 Jul 2026,15-22-28-40-46-49,9-11-28-35-43-44,23-27-31-38-42-47,0,0
4199,13 Jul 2026,15-22-28-40-46-49,1-6-12-28-38-49,14-22-32-33-36-46,2,0
4200,16 Jul 2026,15-22-28-40-46-49,4-6-9-19-35-46,6-27-28-41-43-44,1,1
4201,20 Jul 2026,15-22-28-40-46-49,5-11-22-26-35-40,1-8-11-14-33-43,0,1
4202,23 Jul 2026,15-22-28-40-46-49,12-13-26-28-33-42,8-11-17-21-37-48,0,0
4203,27 Jul 2026,15-22-28-40-46-49,4-6-15-23-33-45,22-23-30-36-44-48,1,1
4204,30 Jul 2026,15-22-28-40-46-49,5-17-24-31-33-34,4-7-16-23-30-32,0,0
4205,03 Aug 2026,15-22-28-40-46-49,3-6-18-21-27-43,9-29-30-35-36-40,1,0
4206,07 Aug 2026,15-22-28-40-46-49,26-28-29-38-43-49,5-7-30-33-36-46,1,0
4207,10 Aug 2026,15-22-28-40-46-49,1-11-12-27-38-44,3-6-17-32-33-39,0,0
4208,13 Aug 2026,15-22-28-40-46-49,1-7-15-16-43-49,4-11-22-32-40-49,3,1
4209,17 Aug 2026,15-22-28-40-46-49,5-12-15-16-22-43,9-16-22-24-33-47,1,2
4210,20 Aug 2026,15-22-28-40-46-49,7-9-17-23-41-44,3-18-19-25-27-48,0,0
4211,24 Aug 2026,15-22-28-40-46-49,2-13-19-23-32-39,13-22-26-38-39-44,1,2
4212,27 Aug 2026,15-22-28-40-46-49,1-4-16-17-33-42,8-9-14-17-35-40,1,1
4213,31 Aug 2026,15-22-28-40-46-49,6-14-27-30-31-40,7-26-33-39-41-46,1,0
